{"timestamp": "2026-06-10T09:34:33.529515+00:00", "level": "INFO", "event": "request_completed", "request_id": "9e0f16cb-3eab-45c4-804c-95d795ccfd5b", "endpoint": "/api/health", "method": "GET", "duration_ms": 2.35, "status_code": 200, "error_type": null, "message": "HTTP GET /api/health completed with status 200"}
{"timestamp": "2026-06-10T09:34:33.538934+00:00", "level": "INFO", "event": "request_completed", "request_id": "test-propagate-123", "endpoint": "/api/health", "method": "GET", "duration_ms": 2.18, "status_code": 200, "error_type": null, "message": "HTTP GET /api/health completed with status 200"}
{"timestamp": "2026-06-10T09:34:33.548422+00:00", "level": "INFO", "event": "request_completed", "request_id": "47db9f68-d14c-43db-835f-ecb10c93f42f", "endpoint": "/api/health/liveness", "method": "GET", "duration_ms": 1.99, "status_code": 200, "error_type": null, "message": "HTTP GET /api/health/liveness completed with status 200"}
{"timestamp": "2026-06-10T09:34:33.557462+00:00", "level": "INFO", "event": "request_completed", "request_id": "00bfd45a-6c5e-47d7-80bd-cae0817644a6", "endpoint": "/api/health/readiness", "method": "GET", "duration_ms": 2.7, "status_code": 200, "error_type": null, "message": "HTTP GET /api/health/readiness completed with status 200"}
{"timestamp": "2026-06-10T09:34:33.574319+00:00", "level": "INFO", "event": "request_completed", "request_id": "f3225913-7ec0-42ed-a66b-ddcb0732ab5d", "endpoint": "/api/health/dependencies", "method": "GET", "duration_ms": 10.39, "status_code": 200, "error_type": null, "message": "HTTP GET /api/health/dependencies completed with status 200"}
{"timestamp": "2026-06-10T09:52:24.214645+00:00", "level": "CRITICAL", "event": "slow_request_detected", "request_id": "0a397e14-b0ea-426c-b313-f310cfedd7cb", "endpoint": "/api/run-simulation", "method": "POST", "duration_ms": 6319.56, "status_code": 200, "message": "Request took 6319.56ms which is critical (>5000ms)"}
{"timestamp": "2026-06-10T09:52:24.217266+00:00", "level": "INFO", "event": "request_completed", "request_id": "0a397e14-b0ea-426c-b313-f310cfedd7cb", "endpoint": "/api/run-simulation", "method": "POST", "duration_ms": 6319.56, "status_code": 200, "error_type": null, "message": "HTTP POST /api/run-simulation completed with status 200"}
{"timestamp": "2026-06-10T09:52:25.215120+00:00", "level": "INFO", "event": "request_completed", "request_id": "36ebd870-4f17-45f0-8a84-b15bf1840c29", "endpoint": "/api/evaluate-portfolio", "method": "POST", "duration_ms": 987.8, "status_code": 200, "error_type": null, "message": "HTTP POST /api/evaluate-portfolio completed with status 200"}
{"timestamp": "2026-06-10T09:52:25.232145+00:00", "level": "INFO", "event": "request_completed", "request_id": "08727a02-a72a-46ab-9326-0b792027c1d5", "endpoint": "/api/ai-advice", "method": "POST", "duration_ms": 8.66, "status_code": 200, "error_type": null, "message": "HTTP POST /api/ai-advice completed with status 200"}
{"timestamp": "2026-06-10T09:52:25.249532+00:00", "level": "INFO", "event": "analysis_started", "request_id": "5a5e4d0f-fe6", "tickers": ["TCB", "VNM"], "start_date": "2026-01-01", "end_date": "2026-01-10"}
{"timestamp": "2026-06-10T09:52:25.272519+00:00", "level": "INFO", "event": "analysis_completed", "request_id": "5a5e4d0f-fe6", "duration_ms": 0.05, "ticker_count": 2, "is_degraded": false, "benchmark_source": "VN30"}
{"timestamp": "2026-06-10T09:52:25.273839+00:00", "level": "INFO", "event": "request_completed", "request_id": "82239eb7-b303-440f-933c-9e0c2d57f81a", "endpoint": "/api/quant/analyze", "method": "POST", "duration_ms": 30.36, "status_code": 200, "error_type": null, "message": "HTTP POST /api/quant/analyze completed with status 200"}
{"timestamp": "2026-06-10T09:52:25.283213+00:00", "level": "INFO", "event": "request_completed", "request_id": "4536a710-8e46-45a8-9120-b1fc97d710f8", "endpoint": "/api/quant/analyze", "method": "POST", "duration_ms": 2.21, "status_code": 400, "error_type": null, "message": "HTTP POST /api/quant/analyze completed with status 400"}
{"timestamp": "2026-06-10T09:52:25.292481+00:00", "level": "INFO", "event": "request_completed", "request_id": "c079deda-5a26-406b-a325-774ae1218533", "endpoint": "/api/quant/analyze", "method": "POST", "duration_ms": 2.32, "status_code": 400, "error_type": null, "message": "HTTP POST /api/quant/analyze completed with status 400"}
{"timestamp": "2026-06-10T09:52:25.302696+00:00", "level": "INFO", "event": "analysis_started", "request_id": "85b7bf26-a8d", "tickers": ["TCB"], "start_date": "2026-01-10", "end_date": "2026-01-01"}
{"timestamp": "2026-06-10T09:52:26.077256+00:00", "level": "INFO", "event": "request_completed", "request_id": "d5af2c06-9b89-4907-8a28-e9b184b73d49", "endpoint": "/api/quant/analyze", "method": "POST", "duration_ms": 776.79, "status_code": 400, "error_type": null, "message": "HTTP POST /api/quant/analyze completed with status 400"}
{"timestamp": "2026-06-10T09:52:26.086240+00:00", "level": "INFO", "event": "analysis_started", "request_id": "720fcded-8d4", "tickers": ["TCB"], "start_date": "2026-01-01", "end_date": "2026-01-10"}
{"timestamp": "2026-06-10T09:52:26.087280+00:00", "level": "INFO", "event": "request_completed", "request_id": "080a2237-f148-4167-89aa-13e308157ddc", "endpoint": "/api/quant/analyze", "method": "POST", "duration_ms": 2.91, "status_code": 400, "error_type": null, "message": "HTTP POST /api/quant/analyze completed with status 400"}
{"timestamp": "2026-06-10T09:52:26.115851+00:00", "level": "INFO", "event": "request_completed", "request_id": "3013f227-b5de-4575-833e-0fcc6f5d5b52", "endpoint": "/api/health", "method": "GET", "duration_ms": 4.55, "status_code": 200, "error_type": null, "message": "HTTP GET /api/health completed with status 200"}
{"timestamp": "2026-06-10T09:52:26.127779+00:00", "level": "INFO", "event": "request_completed", "request_id": "e2ed8f5c-794f-4178-9763-17e0a285e675", "endpoint": "/api/health/quant", "method": "GET", "duration_ms": 5.05, "status_code": 404, "error_type": null, "message": "HTTP GET /api/health/quant completed with status 404"}
{"timestamp": "2026-06-10T09:53:41.401411+00:00", "level": "INFO", "event": "request_completed", "request_id": "5d3388c7-544f-4cf8-8eca-1bd8b803470c", "endpoint": "/api/health", "method": "GET", "duration_ms": 3.56, "status_code": 200, "error_type": null, "message": "HTTP GET /api/health completed with status 200"}
{"timestamp": "2026-06-10T09:53:41.411216+00:00", "level": "INFO", "event": "request_completed", "request_id": "test-propagate-123", "endpoint": "/api/health", "method": "GET", "duration_ms": 1.6, "status_code": 200, "error_type": null, "message": "HTTP GET /api/health completed with status 200"}
{"timestamp": "2026-06-10T09:53:41.420069+00:00", "level": "INFO", "event": "request_completed", "request_id": "9b36343f-3200-4c01-836f-ca121a6b9372", "endpoint": "/api/health/liveness", "method": "GET", "duration_ms": 2.48, "status_code": 200, "error_type": null, "message": "HTTP GET /api/health/liveness completed with status 200"}
{"timestamp": "2026-06-10T09:53:41.430708+00:00", "level": "INFO", "event": "request_completed", "request_id": "297fbd5d-da01-41fd-9cea-ba03630fc154", "endpoint": "/api/health/readiness", "method": "GET", "duration_ms": 2.62, "status_code": 200, "error_type": null, "message": "HTTP GET /api/health/readiness completed with status 200"}
{"timestamp": "2026-06-10T09:53:41.442237+00:00", "level": "INFO", "event": "request_completed", "request_id": "dd9ab2c3-0a77-4c87-86ed-1cab1403fd92", "endpoint": "/api/health/dependencies", "method": "GET", "duration_ms": 6.26, "status_code": 200, "error_type": null, "message": "HTTP GET /api/health/dependencies completed with status 200"}
{"timestamp": "2026-06-10T09:53:53.553066+00:00", "level": "INFO", "event": "request_completed", "request_id": "16344260-7327-4550-ab42-79cdeaa12728", "endpoint": "/api/health", "method": "GET", "duration_ms": 2.84, "status_code": 200, "error_type": null, "message": "HTTP GET /api/health completed with status 200"}
{"timestamp": "2026-06-10T09:53:53.563498+00:00", "level": "INFO", "event": "request_completed", "request_id": "d6faf193-0ac2-4911-901f-badcb3859542", "endpoint": "/api/health/quant", "method": "GET", "duration_ms": 4.01, "status_code": 404, "error_type": null, "message": "HTTP GET /api/health/quant completed with status 404"}
{"timestamp": "2026-06-10T09:53:54.458197+00:00", "level": "INFO", "event": "analysis_started", "request_id": "test-id", "tickers": ["FPT"], "start_date": "2026-01-01", "end_date": "2026-12-31"}
{"timestamp": "2026-06-10T09:53:54.458717+00:00", "level": "INFO", "event": "analysis_completed", "request_id": "test-id", "duration_ms": 100.0, "ticker_count": 1, "is_degraded": false, "benchmark_source": "VN30"}
{"timestamp": "2026-06-10T09:53:54.459754+00:00", "level": "WARNING", "event": "retry_triggered", "request_id": "test-id", "attempt": 1, "max_retries": 2, "url": "test", "error": "timeout"}
{"timestamp": "2026-06-10T09:53:54.460413+00:00", "level": "WARNING", "event": "benchmark_fallback", "request_id": "test-id", "failed_source": "VN30", "fallback_source": "VNINDEX"}
{"timestamp": "2026-06-10T09:53:54.460932+00:00", "level": "ERROR", "event": "exception_raised", "request_id": "test-id", "error_code": "TEST_ERROR", "message": "test message", "details": null}
{"timestamp": "2026-06-10T09:53:54.476916+00:00", "level": "WARNING", "event": "retry_triggered", "request_id": "test", "attempt": 1, "max_retries": 2, "url": "stock/FPT", "error": "Network error"}
{"timestamp": "2026-06-10T09:53:55.478174+00:00", "level": "WARNING", "event": "retry_triggered", "request_id": "test", "attempt": 2, "max_retries": 2, "url": "stock/FPT", "error": "Network error"}
{"timestamp": "2026-06-10T09:53:57.479821+00:00", "level": "ERROR", "event": "exception_raised", "request_id": "test", "error_code": "DATA_FETCH_ERROR", "message": "Failed to fetch FPT after 3 attempts", "details": {"ticker": "FPT", "last_error": "Network error"}}
{"timestamp": "2026-06-10T09:53:57.483860+00:00", "level": "WARNING", "event": "benchmark_fallback", "request_id": "test", "failed_source": "VN30", "fallback_source": "VNINDEX"}
{"timestamp": "2026-06-10T09:53:57.484374+00:00", "level": "WARNING", "event": "benchmark_fallback", "request_id": "test", "failed_source": "VNINDEX", "fallback_source": "NONE"}
{"timestamp": "2026-06-10T09:53:57.495743+00:00", "level": "INFO", "event": "request_completed", "request_id": "d2dc04bd-e198-431b-b6cf-0d6f064f28ab", "endpoint": "/api/auth/login", "method": "POST", "duration_ms": 6.96, "status_code": 422, "error_type": null, "message": "HTTP POST /api/auth/login completed with status 422"}
{"timestamp": "2026-06-10T09:53:57.505224+00:00", "level": "INFO", "event": "request_completed", "request_id": "d91b2567-1a29-4e6e-9d81-d93dceed82a1", "endpoint": "/api/quant/analyze", "method": "POST", "duration_ms": 4.51, "status_code": 400, "error_type": null, "message": "HTTP POST /api/quant/analyze completed with status 400"}
{"timestamp": "2026-06-10T09:53:57.511311+00:00", "level": "INFO", "event": "request_completed", "request_id": "3255e263-0b1c-4d90-8594-965b9daf8e4d", "endpoint": "/api/health", "method": "GET", "duration_ms": 1.01, "status_code": 200, "error_type": null, "message": "HTTP GET /api/health completed with status 200"}
{"timestamp": "2026-06-10T09:53:57.525895+00:00", "level": "INFO", "event": "analysis_started", "request_id": "02644ffb-af7", "tickers": ["TCB", "VNM"], "start_date": "2026-01-01", "end_date": "2026-01-10"}
{"timestamp": "2026-06-10T09:53:57.540631+00:00", "level": "INFO", "event": "analysis_completed", "request_id": "02644ffb-af7", "duration_ms": 0.04, "ticker_count": 2, "is_degraded": false, "benchmark_source": "VN30"}
{"timestamp": "2026-06-10T09:53:57.542040+00:00", "level": "INFO", "event": "request_completed", "request_id": "8bcb5b8e-3f49-47b0-81ef-14439bb380e1", "endpoint": "/api/quant/analyze", "method": "POST", "duration_ms": 17.24, "status_code": 200, "error_type": null, "message": "HTTP POST /api/quant/analyze completed with status 200"}
{"timestamp": "2026-06-10T09:53:57.550475+00:00", "level": "INFO", "event": "analysis_started", "request_id": "c1ebc8cc-bd4", "tickers": ["FPT"], "start_date": "2026-01-01", "end_date": "2026-01-10"}
{"timestamp": "2026-06-10T09:53:57.554622+00:00", "level": "INFO", "event": "analysis_completed", "request_id": "c1ebc8cc-bd4", "duration_ms": 0.05, "ticker_count": 1, "is_degraded": true, "benchmark_source": "NONE"}
{"timestamp": "2026-06-10T09:53:57.555685+00:00", "level": "INFO", "event": "request_completed", "request_id": "97a40bcf-afa2-4297-8bdb-852fa7f31618", "endpoint": "/api/quant/analyze", "method": "POST", "duration_ms": 7.43, "status_code": 200, "error_type": null, "message": "HTTP POST /api/quant/analyze completed with status 200"}
{"timestamp": "2026-06-10T09:53:57.561902+00:00", "level": "INFO", "event": "request_completed", "request_id": "f074c130-eb33-4203-a1e6-fb323fb636f6", "endpoint": "/api/quant/analyze", "method": "POST", "duration_ms": 1.54, "status_code": 400, "error_type": null, "message": "HTTP POST /api/quant/analyze completed with status 400"}
{"timestamp": "2026-06-10T09:53:57.568764+00:00", "level": "INFO", "event": "analysis_started", "request_id": "072a2b51-dda", "tickers": ["FPT"], "start_date": "2026-01-10", "end_date": "2026-01-01"}
{"timestamp": "2026-06-10T09:53:58.084202+00:00", "level": "INFO", "event": "request_completed", "request_id": "ea3bc262-2691-4c75-9090-192ae09d469f", "endpoint": "/api/quant/analyze", "method": "POST", "duration_ms": 516.82, "status_code": 400, "error_type": null, "message": "HTTP POST /api/quant/analyze completed with status 400"}
{"timestamp": "2026-06-10T09:53:58.093025+00:00", "level": "INFO", "event": "request_completed", "request_id": "68ad48a0-cbea-448f-974a-0cb825031e0f", "endpoint": "/api/quant/analyze", "method": "POST", "duration_ms": 2.46, "status_code": 400, "error_type": null, "message": "HTTP POST /api/quant/analyze completed with status 400"}
{"timestamp": "2026-06-10T09:54:09.650687+00:00", "level": "WARNING", "event": "slow_request_detected", "request_id": "bba7ccb7-34be-4304-b67c-1b06b8454f12", "endpoint": "/api/run-simulation", "method": "POST", "duration_ms": 2035.26, "status_code": 200, "message": "Request took 2035.26ms which is slow (>1000ms)"}
{"timestamp": "2026-06-10T09:54:09.650687+00:00", "level": "INFO", "event": "request_completed", "request_id": "bba7ccb7-34be-4304-b67c-1b06b8454f12", "endpoint": "/api/run-simulation", "method": "POST", "duration_ms": 2035.26, "status_code": 200, "error_type": null, "message": "HTTP POST /api/run-simulation completed with status 200"}
{"timestamp": "2026-06-10T09:54:09.772066+00:00", "level": "INFO", "event": "request_completed", "request_id": "cd5f9e25-0eaa-48df-b347-9ffe39318bc9", "endpoint": "/api/evaluate-portfolio", "method": "POST", "duration_ms": 109.57, "status_code": 200, "error_type": null, "message": "HTTP POST /api/evaluate-portfolio completed with status 200"}
{"timestamp": "2026-06-10T09:54:09.791954+00:00", "level": "INFO", "event": "request_completed", "request_id": "ed4d81f9-3816-48bb-8013-6028126e6f46", "endpoint": "/api/ai-advice", "method": "POST", "duration_ms": 9.28, "status_code": 200, "error_type": null, "message": "HTTP POST /api/ai-advice completed with status 200"}
{"timestamp": "2026-06-10T09:54:09.807292+00:00", "level": "INFO", "event": "analysis_started", "request_id": "ae70d8df-cfd", "tickers": ["TCB", "VNM"], "start_date": "2026-01-01", "end_date": "2026-01-10"}
{"timestamp": "2026-06-10T09:54:09.813041+00:00", "level": "INFO", "event": "analysis_completed", "request_id": "ae70d8df-cfd", "duration_ms": 0.05, "ticker_count": 2, "is_degraded": false, "benchmark_source": "VN30"}
{"timestamp": "2026-06-10T09:54:09.814052+00:00", "level": "INFO", "event": "request_completed", "request_id": "ec98b020-ade0-4f7f-9e60-efd45b148ea8", "endpoint": "/api/quant/analyze", "method": "POST", "duration_ms": 12.17, "status_code": 200, "error_type": null, "message": "HTTP POST /api/quant/analyze completed with status 200"}
{"timestamp": "2026-06-10T09:54:09.822645+00:00", "level": "INFO", "event": "request_completed", "request_id": "ec30d011-9c55-42b6-a3dc-a651c99c35be", "endpoint": "/api/quant/analyze", "method": "POST", "duration_ms": 1.53, "status_code": 400, "error_type": null, "message": "HTTP POST /api/quant/analyze completed with status 400"}
{"timestamp": "2026-06-10T09:54:09.829935+00:00", "level": "INFO", "event": "request_completed", "request_id": "740d10da-d53e-47b7-98a0-1738e649575e", "endpoint": "/api/quant/analyze", "method": "POST", "duration_ms": 1.59, "status_code": 400, "error_type": null, "message": "HTTP POST /api/quant/analyze completed with status 400"}
{"timestamp": "2026-06-10T09:54:09.836693+00:00", "level": "INFO", "event": "analysis_started", "request_id": "9d5d759a-f5e", "tickers": ["TCB"], "start_date": "2026-01-10", "end_date": "2026-01-01"}
{"timestamp": "2026-06-10T09:54:09.857478+00:00", "level": "INFO", "event": "request_completed", "request_id": "460118cb-f01b-43a1-a115-26ce1c977f90", "endpoint": "/api/quant/analyze", "method": "POST", "duration_ms": 21.53, "status_code": 400, "error_type": null, "message": "HTTP POST /api/quant/analyze completed with status 400"}
{"timestamp": "2026-06-10T09:54:09.866889+00:00", "level": "INFO", "event": "analysis_started", "request_id": "4e7be8fa-b52", "tickers": ["TCB"], "start_date": "2026-01-01", "end_date": "2026-01-10"}
{"timestamp": "2026-06-10T09:54:09.867918+00:00", "level": "INFO", "event": "request_completed", "request_id": "c9e1b164-7fd5-43fe-b61a-1866796f8757", "endpoint": "/api/quant/analyze", "method": "POST", "duration_ms": 2.57, "status_code": 400, "error_type": null, "message": "HTTP POST /api/quant/analyze completed with status 400"}
{"timestamp": "2026-06-10T09:54:09.890684+00:00", "level": "INFO", "event": "request_completed", "request_id": "417c769c-3318-4107-a84d-9e62d04dc5f1", "endpoint": "/api/health", "method": "GET", "duration_ms": 1.9, "status_code": 200, "error_type": null, "message": "HTTP GET /api/health completed with status 200"}
{"timestamp": "2026-06-10T09:54:09.901049+00:00", "level": "INFO", "event": "request_completed", "request_id": "884e7766-2d9b-4fdc-bb81-209f27c98fab", "endpoint": "/api/health/quant", "method": "GET", "duration_ms": 3.57, "status_code": 404, "error_type": null, "message": "HTTP GET /api/health/quant completed with status 404"}
{"timestamp": "2026-06-10T09:54:11.020792+00:00", "level": "INFO", "event": "analysis_started", "request_id": "test-id", "tickers": ["FPT"], "start_date": "2026-01-01", "end_date": "2026-12-31"}
{"timestamp": "2026-06-10T09:54:11.021321+00:00", "level": "INFO", "event": "analysis_completed", "request_id": "test-id", "duration_ms": 100.0, "ticker_count": 1, "is_degraded": false, "benchmark_source": "VN30"}
{"timestamp": "2026-06-10T09:54:11.022381+00:00", "level": "WARNING", "event": "retry_triggered", "request_id": "test-id", "attempt": 1, "max_retries": 2, "url": "test", "error": "timeout"}
{"timestamp": "2026-06-10T09:54:11.023430+00:00", "level": "WARNING", "event": "benchmark_fallback", "request_id": "test-id", "failed_source": "VN30", "fallback_source": "VNINDEX"}
{"timestamp": "2026-06-10T09:54:11.024473+00:00", "level": "ERROR", "event": "exception_raised", "request_id": "test-id", "error_code": "TEST_ERROR", "message": "test message", "details": null}
{"timestamp": "2026-06-10T09:54:11.039220+00:00", "level": "WARNING", "event": "retry_triggered", "request_id": "test", "attempt": 1, "max_retries": 2, "url": "stock/FPT", "error": "Network error"}
{"timestamp": "2026-06-10T09:54:12.040944+00:00", "level": "WARNING", "event": "retry_triggered", "request_id": "test", "attempt": 2, "max_retries": 2, "url": "stock/FPT", "error": "Network error"}
{"timestamp": "2026-06-10T09:54:14.042480+00:00", "level": "ERROR", "event": "exception_raised", "request_id": "test", "error_code": "DATA_FETCH_ERROR", "message": "Failed to fetch FPT after 3 attempts", "details": {"ticker": "FPT", "last_error": "Network error"}}
{"timestamp": "2026-06-10T09:54:14.046800+00:00", "level": "WARNING", "event": "benchmark_fallback", "request_id": "test", "failed_source": "VN30", "fallback_source": "VNINDEX"}
{"timestamp": "2026-06-10T09:54:14.047309+00:00", "level": "WARNING", "event": "benchmark_fallback", "request_id": "test", "failed_source": "VNINDEX", "fallback_source": "NONE"}
{"timestamp": "2026-06-10T09:54:14.062006+00:00", "level": "INFO", "event": "request_completed", "request_id": "b2f0e550-749a-442d-a1cc-58c1f04d767a", "endpoint": "/api/auth/login", "method": "POST", "duration_ms": 7.81, "status_code": 422, "error_type": null, "message": "HTTP POST /api/auth/login completed with status 422"}
{"timestamp": "2026-06-10T09:54:14.074572+00:00", "level": "INFO", "event": "request_completed", "request_id": "bee50490-b7db-4ceb-b259-df29990c1899", "endpoint": "/api/quant/analyze", "method": "POST", "duration_ms": 2.83, "status_code": 400, "error_type": null, "message": "HTTP POST /api/quant/analyze completed with status 400"}
{"timestamp": "2026-06-10T09:54:14.088235+00:00", "level": "INFO", "event": "request_completed", "request_id": "9bccd071-1e80-46f7-92e8-dd24989b7ce5", "endpoint": "/api/health", "method": "GET", "duration_ms": 1.56, "status_code": 200, "error_type": null, "message": "HTTP GET /api/health completed with status 200"}
{"timestamp": "2026-06-10T09:54:14.099216+00:00", "level": "INFO", "event": "analysis_started", "request_id": "381a95f1-e73", "tickers": ["TCB", "VNM"], "start_date": "2026-01-01", "end_date": "2026-01-10"}
{"timestamp": "2026-06-10T09:54:14.102820+00:00", "level": "INFO", "event": "analysis_completed", "request_id": "381a95f1-e73", "duration_ms": 0.05, "ticker_count": 2, "is_degraded": false, "benchmark_source": "VN30"}
{"timestamp": "2026-06-10T09:54:14.103341+00:00", "level": "INFO", "event": "request_completed", "request_id": "f2479e10-ef96-425a-99e7-a6f8238c0351", "endpoint": "/api/quant/analyze", "method": "POST", "duration_ms": 6.87, "status_code": 200, "error_type": null, "message": "HTTP POST /api/quant/analyze completed with status 200"}
{"timestamp": "2026-06-10T09:54:14.117065+00:00", "level": "INFO", "event": "analysis_started", "request_id": "6874363c-d30", "tickers": ["FPT"], "start_date": "2026-01-01", "end_date": "2026-01-10"}
{"timestamp": "2026-06-10T09:54:14.121375+00:00", "level": "INFO", "event": "analysis_completed", "request_id": "6874363c-d30", "duration_ms": 0.05, "ticker_count": 1, "is_degraded": true, "benchmark_source": "NONE"}
{"timestamp": "2026-06-10T09:54:14.123402+00:00", "level": "INFO", "event": "request_completed", "request_id": "6da8a1d6-1c53-402f-9b34-18e2c800bed9", "endpoint": "/api/quant/analyze", "method": "POST", "duration_ms": 9.53, "status_code": 200, "error_type": null, "message": "HTTP POST /api/quant/analyze completed with status 200"}
{"timestamp": "2026-06-10T09:54:14.135132+00:00", "level": "INFO", "event": "request_completed", "request_id": "ecb1bbef-344e-4ecb-ba8a-ff4c5c1fc359", "endpoint": "/api/quant/analyze", "method": "POST", "duration_ms": 2.77, "status_code": 400, "error_type": null, "message": "HTTP POST /api/quant/analyze completed with status 400"}
{"timestamp": "2026-06-10T09:54:14.143348+00:00", "level": "INFO", "event": "analysis_started", "request_id": "7553ce82-d71", "tickers": ["FPT"], "start_date": "2026-01-10", "end_date": "2026-01-01"}
{"timestamp": "2026-06-10T09:54:14.165619+00:00", "level": "INFO", "event": "request_completed", "request_id": "dfd67500-de4a-4515-8a7a-d49b0781da61", "endpoint": "/api/quant/analyze", "method": "POST", "duration_ms": 24.17, "status_code": 400, "error_type": null, "message": "HTTP POST /api/quant/analyze completed with status 400"}
{"timestamp": "2026-06-10T09:54:14.173904+00:00", "level": "INFO", "event": "request_completed", "request_id": "8670fb6d-986b-49a4-8281-82b2294e3b0d", "endpoint": "/api/quant/analyze", "method": "POST", "duration_ms": 2.09, "status_code": 400, "error_type": null, "message": "HTTP POST /api/quant/analyze completed with status 400"}
{"timestamp": "2026-06-10T09:54:14.196509+00:00", "level": "INFO", "event": "request_completed", "request_id": "ab09d41f-c597-42b9-863a-9ef46d38e6be", "endpoint": "/api/quant/backtest", "method": "POST", "duration_ms": 13.26, "status_code": 200, "error_type": null, "message": "HTTP POST /api/quant/backtest completed with status 200"}
{"timestamp": "2026-06-10T09:54:14.204824+00:00", "level": "INFO", "event": "request_completed", "request_id": "f52dd484-0200-41ec-ac3f-a010d1ad4fa5", "endpoint": "/api/quant/backtest", "method": "POST", "duration_ms": 2.04, "status_code": 400, "error_type": null, "message": "HTTP POST /api/quant/backtest completed with status 400"}
{"timestamp": "2026-06-10T09:54:14.214287+00:00", "level": "INFO", "event": "request_completed", "request_id": "40580e4a-88a6-43b7-9a63-7a376e6c28f2", "endpoint": "/api/quant/backtest", "method": "POST", "duration_ms": 2.11, "status_code": 400, "error_type": null, "message": "HTTP POST /api/quant/backtest completed with status 400"}
{"timestamp": "2026-06-10T09:54:14.223427+00:00", "level": "INFO", "event": "request_completed", "request_id": "e2be6117-a496-4323-b17d-770b9dd07fb2", "endpoint": "/api/quant/backtest", "method": "POST", "duration_ms": 3.21, "status_code": 400, "error_type": null, "message": "HTTP POST /api/quant/backtest completed with status 400"}
{"timestamp": "2026-06-10T09:54:14.232873+00:00", "level": "INFO", "event": "request_completed", "request_id": "693d1a14-0df8-46bd-966e-2942b06c6c66", "endpoint": "/api/quant/backtest", "method": "POST", "duration_ms": 2.82, "status_code": 400, "error_type": null, "message": "HTTP POST /api/quant/backtest completed with status 400"}
{"timestamp": "2026-06-10T09:54:14.240874+00:00", "level": "INFO", "event": "request_completed", "request_id": "0279713f-b013-4967-9b19-f26a68cdee19", "endpoint": "/api/quant/backtest", "method": "POST", "duration_ms": 1.72, "status_code": 400, "error_type": null, "message": "HTTP POST /api/quant/backtest completed with status 400"}
{"timestamp": "2026-06-10T09:54:14.249162+00:00", "level": "INFO", "event": "request_completed", "request_id": "50029eff-441d-459e-bbf0-af3266dfdde5", "endpoint": "/api/quant/backtest", "method": "POST", "duration_ms": 1.88, "status_code": 400, "error_type": null, "message": "HTTP POST /api/quant/backtest completed with status 400"}
{"timestamp": "2026-06-10T09:54:14.256993+00:00", "level": "INFO", "event": "request_completed", "request_id": "46d2e468-072f-4a4f-b1e2-d211129ddd3c", "endpoint": "/api/quant/backtest", "method": "POST", "duration_ms": 1.81, "status_code": 400, "error_type": null, "message": "HTTP POST /api/quant/backtest completed with status 400"}
{"timestamp": "2026-06-10T09:54:14.265854+00:00", "level": "INFO", "event": "request_completed", "request_id": "2034652d-9838-48d3-afc2-f2d3a0ea1d1d", "endpoint": "/api/quant/backtest", "method": "POST", "duration_ms": 1.91, "status_code": 400, "error_type": null, "message": "HTTP POST /api/quant/backtest completed with status 400"}
{"timestamp": "2026-06-10T09:54:14.279899+00:00", "level": "INFO", "event": "request_completed", "request_id": "86e9b0e0-c612-4ece-8844-4f6b26c6258a", "endpoint": "/api/quant/backtest", "method": "POST", "duration_ms": 6.9, "status_code": 200, "error_type": null, "message": "HTTP POST /api/quant/backtest completed with status 200"}
{"timestamp": "2026-06-10T09:54:14.289675+00:00", "level": "INFO", "event": "request_completed", "request_id": "facfca62-9b41-4cbb-8a40-11011ce7c3ca", "endpoint": "/api/quant/optimize", "method": "POST", "duration_ms": 3.91, "status_code": 400, "error_type": null, "message": "HTTP POST /api/quant/optimize completed with status 400"}
{"timestamp": "2026-06-10T09:54:14.297480+00:00", "level": "INFO", "event": "request_completed", "request_id": "6f8f9e98-e3d8-4a16-9000-e351b0155559", "endpoint": "/api/quant/optimize", "method": "POST", "duration_ms": 2.08, "status_code": 400, "error_type": null, "message": "HTTP POST /api/quant/optimize completed with status 400"}
{"timestamp": "2026-06-10T09:54:14.306087+00:00", "level": "INFO", "event": "request_completed", "request_id": "a17b5315-d276-4351-be33-aa524d4de435", "endpoint": "/api/quant/optimize", "method": "POST", "duration_ms": 2.53, "status_code": 400, "error_type": null, "message": "HTTP POST /api/quant/optimize completed with status 400"}
{"timestamp": "2026-06-10T09:54:15.514501+00:00", "level": "ERROR", "event": "exception_raised", "request_id": "f8666acf-087", "error_code": "VALIDATION_ERROR", "message": "Constraints are infeasible: min_weight (0.4) * number of symbols (3) > 1.0", "details": null}
{"timestamp": "2026-06-10T09:54:15.516065+00:00", "level": "WARNING", "event": "slow_request_detected", "request_id": "4e88eeee-0ebe-4b6f-9856-dfec442490d1", "endpoint": "/api/quant/optimize", "method": "POST", "duration_ms": 1203.45, "status_code": 400, "message": "Request took 1203.45ms which is slow (>1000ms)"}
{"timestamp": "2026-06-10T09:54:15.516585+00:00", "level": "INFO", "event": "request_completed", "request_id": "4e88eeee-0ebe-4b6f-9856-dfec442490d1", "endpoint": "/api/quant/optimize", "method": "POST", "duration_ms": 1203.45, "status_code": 400, "error_type": null, "message": "HTTP POST /api/quant/optimize completed with status 400"}
{"timestamp": "2026-06-10T09:54:15.524829+00:00", "level": "INFO", "event": "request_completed", "request_id": "a4d20125-cc7b-4dd8-aa0c-8eba5854ec97", "endpoint": "/api/quant/optimize", "method": "POST", "duration_ms": 1.62, "status_code": 400, "error_type": null, "message": "HTTP POST /api/quant/optimize completed with status 400"}
{"timestamp": "2026-06-10T09:54:15.532630+00:00", "level": "INFO", "event": "request_completed", "request_id": "6d2db09c-fc9d-4cd6-9d0c-1832569d57ae", "endpoint": "/api/quant/optimize", "method": "POST", "duration_ms": 1.75, "status_code": 400, "error_type": null, "message": "HTTP POST /api/quant/optimize completed with status 400"}
{"timestamp": "2026-06-10T09:54:15.617453+00:00", "level": "INFO", "event": "request_completed", "request_id": "0ca05aae-374a-4bdd-8187-44b348629796", "endpoint": "/api/quant/optimize", "method": "POST", "duration_ms": 78.24, "status_code": 200, "error_type": null, "message": "HTTP POST /api/quant/optimize completed with status 200"}
{"timestamp": "2026-06-10T09:54:15.704349+00:00", "level": "INFO", "event": "request_completed", "request_id": "0fe7e3bb-7ac0-4be3-9e87-855cd3d30dc7", "endpoint": "/api/quant/optimize", "method": "POST", "duration_ms": 74.78, "status_code": 200, "error_type": null, "message": "HTTP POST /api/quant/optimize completed with status 200"}
{"timestamp": "2026-06-10T09:54:15.774601+00:00", "level": "INFO", "event": "request_completed", "request_id": "67436aa1-637a-4ff1-82cb-97183d9ce5c8", "endpoint": "/api/quant/optimize", "method": "POST", "duration_ms": 62.34, "status_code": 200, "error_type": null, "message": "HTTP POST /api/quant/optimize completed with status 200"}
{"timestamp": "2026-06-10T09:54:15.836416+00:00", "level": "INFO", "event": "request_completed", "request_id": "deab18f2-2ca1-4490-a67b-85eb3615b508", "endpoint": "/api/quant/optimize", "method": "POST", "duration_ms": 55.61, "status_code": 200, "error_type": null, "message": "HTTP POST /api/quant/optimize completed with status 200"}
{"timestamp": "2026-06-10T09:54:16.059453+00:00", "level": "INFO", "event": "request_completed", "request_id": "43c86076-497a-49b1-b878-20164e22d980", "endpoint": "/api/quant/optimize", "method": "POST", "duration_ms": 217.16, "status_code": 200, "error_type": null, "message": "HTTP POST /api/quant/optimize completed with status 200"}
{"timestamp": "2026-06-10T09:54:16.129685+00:00", "level": "INFO", "event": "request_completed", "request_id": "989a600a-b1f6-4fa6-984b-ec07b7bbd055", "endpoint": "/api/quant/optimize-and-backtest", "method": "POST", "duration_ms": 63.01, "status_code": 200, "error_type": null, "message": "HTTP POST /api/quant/optimize-and-backtest completed with status 200"}
{"timestamp": "2026-06-10T09:54:16.140633+00:00", "level": "INFO", "event": "request_completed", "request_id": "9694243e-a76a-424e-9e42-23af2e315373", "endpoint": "/api/ai/research", "method": "POST", "duration_ms": 3.99, "status_code": 200, "error_type": null, "message": "HTTP POST /api/ai/research completed with status 200"}
{"timestamp": "2026-06-10T09:54:16.149624+00:00", "level": "INFO", "event": "request_completed", "request_id": "12cc6ead-4cc9-4f61-b425-c069e2c57542", "endpoint": "/api/ai/research", "method": "POST", "duration_ms": 2.51, "status_code": 200, "error_type": null, "message": "HTTP POST /api/ai/research completed with status 200"}
{"timestamp": "2026-06-10T09:54:33.582271+00:00", "level": "CRITICAL", "event": "slow_request_detected", "request_id": "65c18100-08fd-4da1-8830-8b2e07147429", "endpoint": "/api/ai/research", "method": "POST", "duration_ms": 17425.92, "status_code": 200, "message": "Request took 17425.92ms which is critical (>5000ms)"}
{"timestamp": "2026-06-10T09:54:33.582271+00:00", "level": "INFO", "event": "request_completed", "request_id": "65c18100-08fd-4da1-8830-8b2e07147429", "endpoint": "/api/ai/research", "method": "POST", "duration_ms": 17425.92, "status_code": 200, "error_type": null, "message": "HTTP POST /api/ai/research completed with status 200"}
{"timestamp": "2026-06-10T09:54:33.589852+00:00", "level": "INFO", "event": "request_completed", "request_id": "a18cc4b7-d8ec-4400-aa1f-ca983d6c97b5", "endpoint": "/api/ai/research", "method": "POST", "duration_ms": 1.92, "status_code": 400, "error_type": null, "message": "HTTP POST /api/ai/research completed with status 400"}
{"timestamp": "2026-06-10T09:54:33.846586+00:00", "level": "INFO", "event": "request_completed", "request_id": "bfa6ac33-fcdc-4844-9ee2-4300e003ee35", "endpoint": "/api/ai/research/export-docx", "method": "POST", "duration_ms": 74.9, "status_code": 200, "error_type": null, "message": "HTTP POST /api/ai/research/export-docx completed with status 200"}
{"timestamp": "2026-06-10T09:54:33.873166+00:00", "level": "INFO", "event": "request_completed", "request_id": "256d39b9-b0c4-4d87-bbbb-5a9ddd5144f5", "endpoint": "/api/health", "method": "GET", "duration_ms": 1.03, "status_code": 200, "error_type": null, "message": "HTTP GET /api/health completed with status 200"}
{"timestamp": "2026-06-10T09:54:33.879887+00:00", "level": "INFO", "event": "request_completed", "request_id": "test-propagate-123", "endpoint": "/api/health", "method": "GET", "duration_ms": 1.12, "status_code": 200, "error_type": null, "message": "HTTP GET /api/health completed with status 200"}
{"timestamp": "2026-06-10T09:54:33.886696+00:00", "level": "INFO", "event": "request_completed", "request_id": "94b9b23f-167b-443b-b380-e5a938f6c128", "endpoint": "/api/health/liveness", "method": "GET", "duration_ms": 1.52, "status_code": 200, "error_type": null, "message": "HTTP GET /api/health/liveness completed with status 200"}
{"timestamp": "2026-06-10T09:54:33.893679+00:00", "level": "INFO", "event": "request_completed", "request_id": "d8515694-a58f-44d9-9df5-c395f1964b92", "endpoint": "/api/health/readiness", "method": "GET", "duration_ms": 2.18, "status_code": 200, "error_type": null, "message": "HTTP GET /api/health/readiness completed with status 200"}
{"timestamp": "2026-06-10T09:54:33.904620+00:00", "level": "INFO", "event": "request_completed", "request_id": "e7d77291-2ee4-4d71-89e0-ed84d92aa7f9", "endpoint": "/api/health/dependencies", "method": "GET", "duration_ms": 4.8, "status_code": 200, "error_type": null, "message": "HTTP GET /api/health/dependencies completed with status 200"}
{"timestamp": "2026-06-10T09:55:08.151336+00:00", "level": "WARNING", "event": "slow_request_detected", "request_id": "7e574d16-861d-4a4b-964e-08ccd93e270b", "endpoint": "/api/run-simulation", "method": "POST", "duration_ms": 1963.3, "status_code": 200, "message": "Request took 1963.30ms which is slow (>1000ms)"}
{"timestamp": "2026-06-10T09:55:08.152844+00:00", "level": "INFO", "event": "request_completed", "request_id": "7e574d16-861d-4a4b-964e-08ccd93e270b", "endpoint": "/api/run-simulation", "method": "POST", "duration_ms": 1963.3, "status_code": 200, "error_type": null, "message": "HTTP POST /api/run-simulation completed with status 200"}
{"timestamp": "2026-06-10T09:55:08.267405+00:00", "level": "INFO", "event": "request_completed", "request_id": "093387ce-2d18-4881-ad93-7ef0c60cdf77", "endpoint": "/api/evaluate-portfolio", "method": "POST", "duration_ms": 105.14, "status_code": 200, "error_type": null, "message": "HTTP POST /api/evaluate-portfolio completed with status 200"}
{"timestamp": "2026-06-10T09:55:08.282760+00:00", "level": "INFO", "event": "request_completed", "request_id": "2acbc7f7-21f3-4f06-b9b0-fe3b78983a24", "endpoint": "/api/ai-advice", "method": "POST", "duration_ms": 6.95, "status_code": 200, "error_type": null, "message": "HTTP POST /api/ai-advice completed with status 200"}
{"timestamp": "2026-06-10T09:55:08.296737+00:00", "level": "INFO", "event": "analysis_started", "request_id": "b040f39d-368", "tickers": ["TCB", "VNM"], "start_date": "2026-01-01", "end_date": "2026-01-10"}
{"timestamp": "2026-06-10T09:55:08.305511+00:00", "level": "INFO", "event": "analysis_completed", "request_id": "b040f39d-368", "duration_ms": 0.03, "ticker_count": 2, "is_degraded": false, "benchmark_source": "VN30"}
{"timestamp": "2026-06-10T09:55:08.307517+00:00", "level": "INFO", "event": "request_completed", "request_id": "a343676f-769e-4ef4-b964-a23f8f6772b9", "endpoint": "/api/quant/analyze", "method": "POST", "duration_ms": 15.29, "status_code": 200, "error_type": null, "message": "HTTP POST /api/quant/analyze completed with status 200"}
{"timestamp": "2026-06-10T09:55:08.314797+00:00", "level": "INFO", "event": "request_completed", "request_id": "8867b684-c619-4def-af7b-e9b918bdfd64", "endpoint": "/api/quant/analyze", "method": "POST", "duration_ms": 1.57, "status_code": 400, "error_type": null, "message": "HTTP POST /api/quant/analyze completed with status 400"}
{"timestamp": "2026-06-10T09:55:08.323114+00:00", "level": "INFO", "event": "request_completed", "request_id": "5db7fb7d-c6c0-48eb-a6ba-4830ff6a31d4", "endpoint": "/api/quant/analyze", "method": "POST", "duration_ms": 1.67, "status_code": 400, "error_type": null, "message": "HTTP POST /api/quant/analyze completed with status 400"}
{"timestamp": "2026-06-10T09:55:08.330394+00:00", "level": "INFO", "event": "analysis_started", "request_id": "94ba34bf-b46", "tickers": ["TCB"], "start_date": "2026-01-10", "end_date": "2026-01-01"}
{"timestamp": "2026-06-10T09:55:08.355968+00:00", "level": "INFO", "event": "request_completed", "request_id": "202394e7-4289-4b93-a50e-3432b675aa03", "endpoint": "/api/quant/analyze", "method": "POST", "duration_ms": 27.84, "status_code": 400, "error_type": null, "message": "HTTP POST /api/quant/analyze completed with status 400"}
{"timestamp": "2026-06-10T09:55:08.369416+00:00", "level": "INFO", "event": "analysis_started", "request_id": "c51df53b-298", "tickers": ["TCB"], "start_date": "2026-01-01", "end_date": "2026-01-10"}
{"timestamp": "2026-06-10T09:55:08.371000+00:00", "level": "INFO", "event": "request_completed", "request_id": "35bd1b6b-ca43-480b-acac-8ef8f3cb7027", "endpoint": "/api/quant/analyze", "method": "POST", "duration_ms": 4.11, "status_code": 400, "error_type": null, "message": "HTTP POST /api/quant/analyze completed with status 400"}
{"timestamp": "2026-06-10T09:55:08.407459+00:00", "level": "INFO", "event": "request_completed", "request_id": "e2ca72c3-2e7a-4db6-a963-b28dcb510933", "endpoint": "/api/health", "method": "GET", "duration_ms": 6.64, "status_code": 200, "error_type": null, "message": "HTTP GET /api/health completed with status 200"}
{"timestamp": "2026-06-10T09:55:08.731614+00:00", "level": "INFO", "event": "request_completed", "request_id": "f359045e-e5c4-462f-b171-56d1b058e9fa", "endpoint": "/api/health/quant", "method": "GET", "duration_ms": 315.21, "status_code": 200, "error_type": null, "message": "HTTP GET /api/health/quant completed with status 200"}
{"timestamp": "2026-06-10T09:55:08.754872+00:00", "level": "INFO", "event": "analysis_started", "request_id": "test-id", "tickers": ["FPT"], "start_date": "2026-01-01", "end_date": "2026-12-31"}
{"timestamp": "2026-06-10T09:55:08.755393+00:00", "level": "INFO", "event": "analysis_completed", "request_id": "test-id", "duration_ms": 100.0, "ticker_count": 1, "is_degraded": false, "benchmark_source": "VN30"}
{"timestamp": "2026-06-10T09:55:08.755910+00:00", "level": "WARNING", "event": "retry_triggered", "request_id": "test-id", "attempt": 1, "max_retries": 2, "url": "test", "error": "timeout"}
{"timestamp": "2026-06-10T09:55:08.756942+00:00", "level": "WARNING", "event": "benchmark_fallback", "request_id": "test-id", "failed_source": "VN30", "fallback_source": "VNINDEX"}
{"timestamp": "2026-06-10T09:55:08.757451+00:00", "level": "ERROR", "event": "exception_raised", "request_id": "test-id", "error_code": "TEST_ERROR", "message": "test message", "details": null}
{"timestamp": "2026-06-10T09:55:08.762082+00:00", "level": "WARNING", "event": "retry_triggered", "request_id": "test", "attempt": 1, "max_retries": 2, "url": "stock/FPT", "error": "Network error"}
{"timestamp": "2026-06-10T09:55:09.763383+00:00", "level": "WARNING", "event": "retry_triggered", "request_id": "test", "attempt": 2, "max_retries": 2, "url": "stock/FPT", "error": "Network error"}
{"timestamp": "2026-06-10T09:55:11.764544+00:00", "level": "ERROR", "event": "exception_raised", "request_id": "test", "error_code": "DATA_FETCH_ERROR", "message": "Failed to fetch FPT after 3 attempts", "details": {"ticker": "FPT", "last_error": "Network error"}}
{"timestamp": "2026-06-10T09:55:11.769452+00:00", "level": "WARNING", "event": "benchmark_fallback", "request_id": "test", "failed_source": "VN30", "fallback_source": "VNINDEX"}
{"timestamp": "2026-06-10T09:55:11.770515+00:00", "level": "WARNING", "event": "benchmark_fallback", "request_id": "test", "failed_source": "VNINDEX", "fallback_source": "NONE"}
{"timestamp": "2026-06-10T09:55:11.789689+00:00", "level": "INFO", "event": "request_completed", "request_id": "daaa6e8a-4d3e-4f13-ac22-654f5b2ae52a", "endpoint": "/api/auth/login", "method": "POST", "duration_ms": 11.99, "status_code": 422, "error_type": null, "message": "HTTP POST /api/auth/login completed with status 422"}
{"timestamp": "2026-06-10T09:55:11.800669+00:00", "level": "INFO", "event": "request_completed", "request_id": "fe268041-7a4a-4b64-90b8-c1657f49a27a", "endpoint": "/api/quant/analyze", "method": "POST", "duration_ms": 2.91, "status_code": 400, "error_type": null, "message": "HTTP POST /api/quant/analyze completed with status 400"}
{"timestamp": "2026-06-10T09:55:11.810115+00:00", "level": "INFO", "event": "request_completed", "request_id": "8dd9d6ae-4450-4b79-ae68-6f1119c73ff1", "endpoint": "/api/health", "method": "GET", "duration_ms": 1.99, "status_code": 200, "error_type": null, "message": "HTTP GET /api/health completed with status 200"}
{"timestamp": "2026-06-10T09:55:11.825008+00:00", "level": "INFO", "event": "analysis_started", "request_id": "3cc8bac9-a5d", "tickers": ["TCB", "VNM"], "start_date": "2026-01-01", "end_date": "2026-01-10"}
{"timestamp": "2026-06-10T09:55:11.829433+00:00", "level": "INFO", "event": "analysis_completed", "request_id": "3cc8bac9-a5d", "duration_ms": 0.04, "ticker_count": 2, "is_degraded": false, "benchmark_source": "VN30"}
{"timestamp": "2026-06-10T09:55:11.831070+00:00", "level": "INFO", "event": "request_completed", "request_id": "5a48f3a1-6cb3-4796-a95d-fa88fc4b39d1", "endpoint": "/api/quant/analyze", "method": "POST", "duration_ms": 8.5, "status_code": 200, "error_type": null, "message": "HTTP POST /api/quant/analyze completed with status 200"}
{"timestamp": "2026-06-10T09:55:11.841700+00:00", "level": "INFO", "event": "analysis_started", "request_id": "83506ab4-e65", "tickers": ["FPT"], "start_date": "2026-01-01", "end_date": "2026-01-10"}
{"timestamp": "2026-06-10T09:55:11.845378+00:00", "level": "INFO", "event": "analysis_completed", "request_id": "83506ab4-e65", "duration_ms": 0.05, "ticker_count": 1, "is_degraded": true, "benchmark_source": "NONE"}
{"timestamp": "2026-06-10T09:55:11.845897+00:00", "level": "INFO", "event": "request_completed", "request_id": "7b7e9969-a35a-4de5-8631-a383b6930aef", "endpoint": "/api/quant/analyze", "method": "POST", "duration_ms": 7.36, "status_code": 200, "error_type": null, "message": "HTTP POST /api/quant/analyze completed with status 200"}
{"timestamp": "2026-06-10T09:55:11.856103+00:00", "level": "INFO", "event": "request_completed", "request_id": "0342411c-d08d-4e15-8d42-31d062d7bb85", "endpoint": "/api/quant/analyze", "method": "POST", "duration_ms": 2.57, "status_code": 400, "error_type": null, "message": "HTTP POST /api/quant/analyze completed with status 400"}
{"timestamp": "2026-06-10T09:55:11.867777+00:00", "level": "INFO", "event": "analysis_started", "request_id": "26e91e65-0c0", "tickers": ["FPT"], "start_date": "2026-01-10", "end_date": "2026-01-01"}
{"timestamp": "2026-06-10T09:55:11.890882+00:00", "level": "INFO", "event": "request_completed", "request_id": "f468df54-59ce-46ad-91c6-40e534081b09", "endpoint": "/api/quant/analyze", "method": "POST", "duration_ms": 25.63, "status_code": 400, "error_type": null, "message": "HTTP POST /api/quant/analyze completed with status 400"}
{"timestamp": "2026-06-10T09:55:11.902310+00:00", "level": "INFO", "event": "request_completed", "request_id": "a02e5924-953b-43c0-810b-23c2af8be669", "endpoint": "/api/quant/analyze", "method": "POST", "duration_ms": 2.78, "status_code": 400, "error_type": null, "message": "HTTP POST /api/quant/analyze completed with status 400"}
{"timestamp": "2026-06-10T09:55:11.926174+00:00", "level": "INFO", "event": "request_completed", "request_id": "fea12f6a-63ad-4ec6-ae55-477b0ec21fd1", "endpoint": "/api/quant/backtest", "method": "POST", "duration_ms": 16.0, "status_code": 200, "error_type": null, "message": "HTTP POST /api/quant/backtest completed with status 200"}
{"timestamp": "2026-06-10T09:55:11.936188+00:00", "level": "INFO", "event": "request_completed", "request_id": "5432d41a-83a1-449d-a36a-2851d58e2fb3", "endpoint": "/api/quant/backtest", "method": "POST", "duration_ms": 2.12, "status_code": 400, "error_type": null, "message": "HTTP POST /api/quant/backtest completed with status 400"}
{"timestamp": "2026-06-10T09:55:11.944542+00:00", "level": "INFO", "event": "request_completed", "request_id": "267f705c-f1f6-435a-8b49-e36c83028cb9", "endpoint": "/api/quant/backtest", "method": "POST", "duration_ms": 2.55, "status_code": 400, "error_type": null, "message": "HTTP POST /api/quant/backtest completed with status 400"}
{"timestamp": "2026-06-10T09:55:11.956091+00:00", "level": "INFO", "event": "request_completed", "request_id": "5b655351-0c6c-482e-be26-1a4cba4401ec", "endpoint": "/api/quant/backtest", "method": "POST", "duration_ms": 3.22, "status_code": 400, "error_type": null, "message": "HTTP POST /api/quant/backtest completed with status 400"}
{"timestamp": "2026-06-10T09:55:11.969068+00:00", "level": "INFO", "event": "request_completed", "request_id": "70b5234c-fab6-45f7-851a-05e882d0ea32", "endpoint": "/api/quant/backtest", "method": "POST", "duration_ms": 3.14, "status_code": 400, "error_type": null, "message": "HTTP POST /api/quant/backtest completed with status 400"}
{"timestamp": "2026-06-10T09:55:11.977662+00:00", "level": "INFO", "event": "request_completed", "request_id": "d5105ead-b804-4e82-a382-e0cc4af36bc0", "endpoint": "/api/quant/backtest", "method": "POST", "duration_ms": 2.38, "status_code": 400, "error_type": null, "message": "HTTP POST /api/quant/backtest completed with status 400"}
{"timestamp": "2026-06-10T09:55:11.987905+00:00", "level": "INFO", "event": "request_completed", "request_id": "200e01da-fdc7-4c6d-9932-e19b853b952c", "endpoint": "/api/quant/backtest", "method": "POST", "duration_ms": 2.23, "status_code": 400, "error_type": null, "message": "HTTP POST /api/quant/backtest completed with status 400"}
{"timestamp": "2026-06-10T09:55:11.997334+00:00", "level": "INFO", "event": "request_completed", "request_id": "ce5b019e-44d4-4bb1-8abf-08581c6c177c", "endpoint": "/api/quant/backtest", "method": "POST", "duration_ms": 1.93, "status_code": 400, "error_type": null, "message": "HTTP POST /api/quant/backtest completed with status 400"}
{"timestamp": "2026-06-10T09:55:12.005034+00:00", "level": "INFO", "event": "request_completed", "request_id": "2b034997-d3f7-4fd4-a77e-4441e1cef185", "endpoint": "/api/quant/backtest", "method": "POST", "duration_ms": 2.43, "status_code": 400, "error_type": null, "message": "HTTP POST /api/quant/backtest completed with status 400"}
{"timestamp": "2026-06-10T09:55:12.023352+00:00", "level": "INFO", "event": "request_completed", "request_id": "2c4c5fa9-6a66-41cb-a66f-cf4b27b2544a", "endpoint": "/api/quant/backtest", "method": "POST", "duration_ms": 7.88, "status_code": 200, "error_type": null, "message": "HTTP POST /api/quant/backtest completed with status 200"}
{"timestamp": "2026-06-10T09:55:12.035435+00:00", "level": "INFO", "event": "request_completed", "request_id": "0c888215-34f9-4a1d-90ff-bc7d7988b08a", "endpoint": "/api/quant/optimize", "method": "POST", "duration_ms": 4.94, "status_code": 400, "error_type": null, "message": "HTTP POST /api/quant/optimize completed with status 400"}
{"timestamp": "2026-06-10T09:55:12.044253+00:00", "level": "INFO", "event": "request_completed", "request_id": "18a6e1be-3e7e-4a32-9ed4-1e1af2c867d3", "endpoint": "/api/quant/optimize", "method": "POST", "duration_ms": 1.89, "status_code": 400, "error_type": null, "message": "HTTP POST /api/quant/optimize completed with status 400"}
{"timestamp": "2026-06-10T09:55:12.052717+00:00", "level": "INFO", "event": "request_completed", "request_id": "a06f32da-92cf-40b9-bc6c-05f2914c01a9", "endpoint": "/api/quant/optimize", "method": "POST", "duration_ms": 3.14, "status_code": 400, "error_type": null, "message": "HTTP POST /api/quant/optimize completed with status 400"}
{"timestamp": "2026-06-10T09:55:12.088742+00:00", "level": "ERROR", "event": "exception_raised", "request_id": "5d6dbcbc-3eb", "error_code": "VALIDATION_ERROR", "message": "Constraints are infeasible: min_weight (0.4) * number of symbols (3) > 1.0", "details": null}
{"timestamp": "2026-06-10T09:55:12.089756+00:00", "level": "INFO", "event": "request_completed", "request_id": "8ea0d5c6-78a3-454d-afb0-c7c60e8c86ae", "endpoint": "/api/quant/optimize", "method": "POST", "duration_ms": 30.25, "status_code": 400, "error_type": null, "message": "HTTP POST /api/quant/optimize completed with status 400"}
{"timestamp": "2026-06-10T09:55:12.096561+00:00", "level": "INFO", "event": "request_completed", "request_id": "1281671b-ebfe-4064-b8aa-7fcb6c47e556", "endpoint": "/api/quant/optimize", "method": "POST", "duration_ms": 1.98, "status_code": 400, "error_type": null, "message": "HTTP POST /api/quant/optimize completed with status 400"}
{"timestamp": "2026-06-10T09:55:12.104389+00:00", "level": "INFO", "event": "request_completed", "request_id": "a8c2ee0e-0469-4053-9af3-7e3ed553360c", "endpoint": "/api/quant/optimize", "method": "POST", "duration_ms": 1.76, "status_code": 400, "error_type": null, "message": "HTTP POST /api/quant/optimize completed with status 400"}
{"timestamp": "2026-06-10T09:55:12.173505+00:00", "level": "INFO", "event": "request_completed", "request_id": "e30c1a10-6946-42f6-aa02-5415315a2dd1", "endpoint": "/api/quant/optimize", "method": "POST", "duration_ms": 61.86, "status_code": 200, "error_type": null, "message": "HTTP POST /api/quant/optimize completed with status 200"}
{"timestamp": "2026-06-10T09:55:12.231694+00:00", "level": "INFO", "event": "request_completed", "request_id": "dc17ec0b-cdf4-4f74-a0b1-ccb045cdaf69", "endpoint": "/api/quant/optimize", "method": "POST", "duration_ms": 51.3, "status_code": 200, "error_type": null, "message": "HTTP POST /api/quant/optimize completed with status 200"}
{"timestamp": "2026-06-10T09:55:12.294410+00:00", "level": "INFO", "event": "request_completed", "request_id": "3aef1213-9372-4d0b-ae1d-e97e767d4c74", "endpoint": "/api/quant/optimize", "method": "POST", "duration_ms": 56.51, "status_code": 200, "error_type": null, "message": "HTTP POST /api/quant/optimize completed with status 200"}
{"timestamp": "2026-06-10T09:55:12.357749+00:00", "level": "INFO", "event": "request_completed", "request_id": "c1d5f655-1273-4b41-ba0d-b5c30aa0defc", "endpoint": "/api/quant/optimize", "method": "POST", "duration_ms": 56.29, "status_code": 200, "error_type": null, "message": "HTTP POST /api/quant/optimize completed with status 200"}
{"timestamp": "2026-06-10T09:55:12.437571+00:00", "level": "INFO", "event": "request_completed", "request_id": "0ea879c5-32b6-46d9-bc0d-346de55f327a", "endpoint": "/api/quant/optimize", "method": "POST", "duration_ms": 73.58, "status_code": 200, "error_type": null, "message": "HTTP POST /api/quant/optimize completed with status 200"}
{"timestamp": "2026-06-10T09:55:12.500882+00:00", "level": "INFO", "event": "request_completed", "request_id": "0b5364d3-32b7-4da9-8d09-dad89d57d79d", "endpoint": "/api/quant/optimize-and-backtest", "method": "POST", "duration_ms": 56.49, "status_code": 200, "error_type": null, "message": "HTTP POST /api/quant/optimize-and-backtest completed with status 200"}
{"timestamp": "2026-06-10T09:55:12.511362+00:00", "level": "INFO", "event": "request_completed", "request_id": "c27e3a9a-428a-4422-9059-0d3758dfb643", "endpoint": "/api/ai/research", "method": "POST", "duration_ms": 3.32, "status_code": 200, "error_type": null, "message": "HTTP POST /api/ai/research completed with status 200"}
{"timestamp": "2026-06-10T09:55:12.517623+00:00", "level": "INFO", "event": "request_completed", "request_id": "9284abcf-60dc-4fb3-b816-cc39c5b22145", "endpoint": "/api/ai/research", "method": "POST", "duration_ms": 1.77, "status_code": 200, "error_type": null, "message": "HTTP POST /api/ai/research completed with status 200"}
{"timestamp": "2026-06-10T09:55:39.933039+00:00", "level": "CRITICAL", "event": "slow_request_detected", "request_id": "bad0b689-4418-438d-abb6-88921ac0c871", "endpoint": "/api/ai/research", "method": "POST", "duration_ms": 27410.35, "status_code": 200, "message": "Request took 27410.35ms which is critical (>5000ms)"}
{"timestamp": "2026-06-10T09:55:39.934051+00:00", "level": "INFO", "event": "request_completed", "request_id": "bad0b689-4418-438d-abb6-88921ac0c871", "endpoint": "/api/ai/research", "method": "POST", "duration_ms": 27410.35, "status_code": 200, "error_type": null, "message": "HTTP POST /api/ai/research completed with status 200"}
{"timestamp": "2026-06-10T09:55:39.943688+00:00", "level": "INFO", "event": "request_completed", "request_id": "5219b1a3-aed8-4a02-ab53-fd32176a3f2b", "endpoint": "/api/ai/research", "method": "POST", "duration_ms": 4.34, "status_code": 400, "error_type": null, "message": "HTTP POST /api/ai/research completed with status 400"}
{"timestamp": "2026-06-10T09:55:40.233722+00:00", "level": "INFO", "event": "request_completed", "request_id": "4a207fbf-fe1e-4e9f-8d65-0560a689d17e", "endpoint": "/api/ai/research/export-docx", "method": "POST", "duration_ms": 285.73, "status_code": 200, "error_type": null, "message": "HTTP POST /api/ai/research/export-docx completed with status 200"}
{"timestamp": "2026-06-10T09:55:40.270400+00:00", "level": "INFO", "event": "request_completed", "request_id": "aedd23ef-dc1d-447b-931b-d6cc89bdd3e1", "endpoint": "/api/health", "method": "GET", "duration_ms": 2.57, "status_code": 200, "error_type": null, "message": "HTTP GET /api/health completed with status 200"}
{"timestamp": "2026-06-10T09:55:40.278955+00:00", "level": "INFO", "event": "request_completed", "request_id": "test-propagate-123", "endpoint": "/api/health", "method": "GET", "duration_ms": 1.24, "status_code": 200, "error_type": null, "message": "HTTP GET /api/health completed with status 200"}
{"timestamp": "2026-06-10T09:55:40.286294+00:00", "level": "INFO", "event": "request_completed", "request_id": "d1a57f51-9584-4fb2-a27e-2323677bdf5e", "endpoint": "/api/health/liveness", "method": "GET", "duration_ms": 2.21, "status_code": 200, "error_type": null, "message": "HTTP GET /api/health/liveness completed with status 200"}
{"timestamp": "2026-06-10T09:55:40.295693+00:00", "level": "INFO", "event": "request_completed", "request_id": "a959c7b7-52c1-4db5-a611-056a1fe03186", "endpoint": "/api/health/readiness", "method": "GET", "duration_ms": 2.71, "status_code": 200, "error_type": null, "message": "HTTP GET /api/health/readiness completed with status 200"}
{"timestamp": "2026-06-10T09:55:40.310179+00:00", "level": "INFO", "event": "request_completed", "request_id": "12897858-320d-41df-b822-168b6d997a65", "endpoint": "/api/health/dependencies", "method": "GET", "duration_ms": 7.22, "status_code": 200, "error_type": null, "message": "HTTP GET /api/health/dependencies completed with status 200"}
{"timestamp": "2026-06-10T13:55:08.629912+00:00", "level": "INFO", "event": "request_completed", "request_id": "9f7c5652-170d-4f65-a8ed-b5a9630ad829", "endpoint": "/", "method": "GET", "duration_ms": 36.24, "status_code": 200, "error_type": null, "message": "HTTP GET / completed with status 200"}
{"timestamp": "2026-06-10T13:55:08.734031+00:00", "level": "INFO", "event": "request_completed", "request_id": "b0bc6b55-fde9-44de-8921-4ae41344d890", "endpoint": "/css/app.css", "method": "GET", "duration_ms": 10.75, "status_code": 304, "error_type": null, "message": "HTTP GET /css/app.css completed with status 304"}
{"timestamp": "2026-06-10T13:55:08.736037+00:00", "level": "INFO", "event": "request_completed", "request_id": "747aca1f-ab6c-4e76-b9e5-477cb5038099", "endpoint": "/js/app.js", "method": "GET", "duration_ms": 11.95, "status_code": 200, "error_type": null, "message": "HTTP GET /js/app.js completed with status 200"}
{"timestamp": "2026-06-10T13:55:08.909279+00:00", "level": "INFO", "event": "request_completed", "request_id": "e3dbca88-05dc-4226-a1a0-a57e5394aa68", "endpoint": "/js/router.js", "method": "GET", "duration_ms": 10.94, "status_code": 200, "error_type": null, "message": "HTTP GET /js/router.js completed with status 200"}
{"timestamp": "2026-06-10T13:55:08.912281+00:00", "level": "INFO", "event": "request_completed", "request_id": "79a6cbdc-3006-4488-83e9-7f67092b5cc4", "endpoint": "/js/auth.js", "method": "GET", "duration_ms": 12.2, "status_code": 304, "error_type": null, "message": "HTTP GET /js/auth.js completed with status 304"}
{"timestamp": "2026-06-10T13:55:08.916806+00:00", "level": "INFO", "event": "request_completed", "request_id": "a99c5dc5-3419-45cf-96f2-7987b7a572f9", "endpoint": "/js/components/Sidebar.js", "method": "GET", "duration_ms": 14.36, "status_code": 200, "error_type": null, "message": "HTTP GET /js/components/Sidebar.js completed with status 200"}
{"timestamp": "2026-06-10T13:55:08.918811+00:00", "level": "INFO", "event": "request_completed", "request_id": "bec08f9a-a63d-4291-8335-54d946a6679b", "endpoint": "/js/components/Topbar.js", "method": "GET", "duration_ms": 14.84, "status_code": 304, "error_type": null, "message": "HTTP GET /js/components/Topbar.js completed with status 304"}
{"timestamp": "2026-06-10T13:55:08.924671+00:00", "level": "INFO", "event": "request_completed", "request_id": "a20036f7-3665-40a1-a58d-10195b59255b", "endpoint": "/js/components/ChatWidget.js", "method": "GET", "duration_ms": 10.94, "status_code": 304, "error_type": null, "message": "HTTP GET /js/components/ChatWidget.js completed with status 304"}
{"timestamp": "2026-06-10T13:55:08.925948+00:00", "level": "INFO", "event": "request_completed", "request_id": "d6fe92d9-9cb6-4fe7-9e46-7df062a87da2", "endpoint": "/js/views/Auth.js", "method": "GET", "duration_ms": 13.15, "status_code": 304, "error_type": null, "message": "HTTP GET /js/views/Auth.js completed with status 304"}
{"timestamp": "2026-06-10T13:55:08.931785+00:00", "level": "INFO", "event": "request_completed", "request_id": "5ec411d5-92d7-42a6-8bc2-5b2fa3703944", "endpoint": "/js/views/Portfolio.js", "method": "GET", "duration_ms": 15.71, "status_code": 304, "error_type": null, "message": "HTTP GET /js/views/Portfolio.js completed with status 304"}
{"timestamp": "2026-06-10T13:55:08.935796+00:00", "level": "INFO", "event": "request_completed", "request_id": "296e81f3-e2f7-4a68-ad14-e78165222fb8", "endpoint": "/js/views/RiskAnalysis.js", "method": "GET", "duration_ms": 11.11, "status_code": 304, "error_type": null, "message": "HTTP GET /js/views/RiskAnalysis.js completed with status 304"}
{"timestamp": "2026-06-10T13:55:08.937802+00:00", "level": "INFO", "event": "request_completed", "request_id": "c4576cb8-c753-4cd8-8239-cd38c5e3dbfb", "endpoint": "/js/views/Financials.js", "method": "GET", "duration_ms": 8.48, "status_code": 304, "error_type": null, "message": "HTTP GET /js/views/Financials.js completed with status 304"}
{"timestamp": "2026-06-10T13:55:08.943511+00:00", "level": "INFO", "event": "request_completed", "request_id": "75ce3174-2594-46d9-89d7-787d868fde92", "endpoint": "/js/views/AIAssistant.js", "method": "GET", "duration_ms": 12.44, "status_code": 304, "error_type": null, "message": "HTTP GET /js/views/AIAssistant.js completed with status 304"}
{"timestamp": "2026-06-10T13:55:08.947522+00:00", "level": "INFO", "event": "request_completed", "request_id": "dd1cea60-20a8-412f-b2cf-7c960abe0cc8", "endpoint": "/js/views/Quant.js", "method": "GET", "duration_ms": 12.15, "status_code": 304, "error_type": null, "message": "HTTP GET /js/views/Quant.js completed with status 304"}
{"timestamp": "2026-06-10T13:55:08.947522+00:00", "level": "INFO", "event": "request_completed", "request_id": "b234b2ac-413e-4c0c-b307-e5cf9e142d3c", "endpoint": "/js/views/Backtest.js", "method": "GET", "duration_ms": 11.38, "status_code": 304, "error_type": null, "message": "HTTP GET /js/views/Backtest.js completed with status 304"}
{"timestamp": "2026-06-10T13:55:08.947522+00:00", "level": "INFO", "event": "request_completed", "request_id": "e1ed5185-a804-49ac-b139-ad484f3b18bb", "endpoint": "/js/views/Optimizer.js", "method": "GET", "duration_ms": 8.39, "status_code": 304, "error_type": null, "message": "HTTP GET /js/views/Optimizer.js completed with status 304"}
{"timestamp": "2026-06-10T13:55:08.956738+00:00", "level": "INFO", "event": "request_completed", "request_id": "6b51a1ac-6c08-4c56-9499-ee9a3b4216b6", "endpoint": "/js/views/AIResearch.js", "method": "GET", "duration_ms": 9.11, "status_code": 304, "error_type": null, "message": "HTTP GET /js/views/AIResearch.js completed with status 304"}
{"timestamp": "2026-06-10T13:55:08.962263+00:00", "level": "INFO", "event": "request_completed", "request_id": "132e76eb-8b6b-4627-b2a8-cffa60f2d7c5", "endpoint": "/js/views/OpsDashboard.js", "method": "GET", "duration_ms": 10.53, "status_code": 200, "error_type": null, "message": "HTTP GET /js/views/OpsDashboard.js completed with status 200"}
{"timestamp": "2026-06-10T13:55:08.962263+00:00", "level": "INFO", "event": "request_completed", "request_id": "a3e42900-a7f2-4bc2-bed5-257690731043", "endpoint": "/js/i18n.js", "method": "GET", "duration_ms": 7.04, "status_code": 304, "error_type": null, "message": "HTTP GET /js/i18n.js completed with status 304"}
{"timestamp": "2026-06-10T13:55:08.962263+00:00", "level": "INFO", "event": "request_completed", "request_id": "e76a4136-ec44-4ff4-b8bd-d92e1147339d", "endpoint": "/js/state.js", "method": "GET", "duration_ms": 8.28, "status_code": 304, "error_type": null, "message": "HTTP GET /js/state.js completed with status 304"}
{"timestamp": "2026-06-10T13:55:08.973815+00:00", "level": "INFO", "event": "request_completed", "request_id": "2de88f09-1256-407b-99cd-5069e914519e", "endpoint": "/js/api.js", "method": "GET", "duration_ms": 9.3, "status_code": 200, "error_type": null, "message": "HTTP GET /js/api.js completed with status 200"}
{"timestamp": "2026-06-10T13:55:08.977644+00:00", "level": "INFO", "event": "request_completed", "request_id": "2df0b383-03a7-4791-9e6d-d10d52cbad57", "endpoint": "/js/services/portfolioService.js", "method": "GET", "duration_ms": 6.38, "status_code": 304, "error_type": null, "message": "HTTP GET /js/services/portfolioService.js completed with status 304"}
{"timestamp": "2026-06-10T13:55:09.065027+00:00", "level": "INFO", "event": "request_completed", "request_id": "42d28b87-ec9d-453b-be8c-d3fe21edfb0e", "endpoint": "/api/auth/me", "method": "GET", "duration_ms": 27.5, "status_code": 401, "error_type": null, "message": "HTTP GET /api/auth/me completed with status 401"}
{"timestamp": "2026-06-10T13:55:09.431799+00:00", "level": "INFO", "event": "request_completed", "request_id": "4daff941-c4b4-4d22-966a-9abc8f9ceeec", "endpoint": "/favicon.ico", "method": "GET", "duration_ms": 221.05, "status_code": 404, "error_type": null, "message": "HTTP GET /favicon.ico completed with status 404"}
{"timestamp": "2026-06-10T13:55:11.148478+00:00", "level": "WARNING", "event": "slow_request_detected", "request_id": "dd565913-17a4-4322-8cb9-9c0661964632", "endpoint": "/api/system/health", "method": "GET", "duration_ms": 1963.84, "status_code": 200, "message": "Request took 1963.84ms which is slow (>1000ms)"}
{"timestamp": "2026-06-10T13:55:11.148478+00:00", "level": "INFO", "event": "request_completed", "request_id": "dd565913-17a4-4322-8cb9-9c0661964632", "endpoint": "/api/system/health", "method": "GET", "duration_ms": 1963.84, "status_code": 200, "error_type": null, "message": "HTTP GET /api/system/health completed with status 200"}
{"timestamp": "2026-06-10T13:55:11.173281+00:00", "level": "CRITICAL", "event": "request_failed", "request_id": "3a7073df-47f4-473a-b99b-14ef194a5822", "endpoint": "/api/auth/refresh", "method": "POST", "error_type": "AttributeError", "message": "'RefreshToken' object has no attribute 'token'"}
{"timestamp": "2026-06-10T13:55:11.173281+00:00", "level": "WARNING", "event": "slow_request_detected", "request_id": "3a7073df-47f4-473a-b99b-14ef194a5822", "endpoint": "/api/auth/refresh", "method": "POST", "duration_ms": 1981.44, "status_code": 500, "message": "Request took 1981.44ms which is slow (>1000ms)"}
{"timestamp": "2026-06-10T13:55:11.175363+00:00", "level": "INFO", "event": "request_completed", "request_id": "3a7073df-47f4-473a-b99b-14ef194a5822", "endpoint": "/api/auth/refresh", "method": "POST", "duration_ms": 1981.44, "status_code": 500, "error_type": "AttributeError", "message": "HTTP POST /api/auth/refresh completed with status 500"}
{"timestamp": "2026-06-10T13:55:11.432157+00:00", "level": "INFO", "event": "request_completed", "request_id": "a45d9f98-3509-430a-a74f-93c1d9616496", "endpoint": "/api/system/health", "method": "GET", "duration_ms": 2.49, "status_code": 200, "error_type": null, "message": "HTTP GET /api/system/health completed with status 200"}
{"timestamp": "2026-06-10T13:55:13.583330+00:00", "level": "INFO", "event": "request_completed", "request_id": "255a4dfd-eed8-4936-8f63-9c4722bee2ae", "endpoint": "/api/system/health", "method": "GET", "duration_ms": 2.07, "status_code": 200, "error_type": null, "message": "HTTP GET /api/system/health completed with status 200"}
{"timestamp": "2026-06-10T13:55:13.593850+00:00", "level": "INFO", "event": "request_completed", "request_id": "19c0f232-75e0-4281-9aee-186f0d484530", "endpoint": "/api/system/health", "method": "GET", "duration_ms": 3.68, "status_code": 200, "error_type": null, "message": "HTTP GET /api/system/health completed with status 200"}
{"timestamp": "2026-06-10T13:55:15.094799+00:00", "level": "INFO", "event": "request_completed", "request_id": "86c484bd-a49d-4738-bfdb-466e15197741", "endpoint": "/api/system/health", "method": "GET", "duration_ms": 2.77, "status_code": 200, "error_type": null, "message": "HTTP GET /api/system/health completed with status 200"}
{"timestamp": "2026-06-10T13:55:16.622244+00:00", "level": "INFO", "event": "request_completed", "request_id": "e88296d1-87d2-4644-b16d-64a9b658019e", "endpoint": "/api/system/health", "method": "GET", "duration_ms": 1.74, "status_code": 200, "error_type": null, "message": "HTTP GET /api/system/health completed with status 200"}
{"timestamp": "2026-06-10T13:55:23.177133+00:00", "level": "INFO", "event": "request_completed", "request_id": "733df322-5417-4435-b102-4e376cb97fa6", "endpoint": "/api/system/health", "method": "GET", "duration_ms": 2.17, "status_code": 200, "error_type": null, "message": "HTTP GET /api/system/health completed with status 200"}
{"timestamp": "2026-06-10T13:55:37.204331+00:00", "level": "INFO", "event": "request_completed", "request_id": "c7cb27f6-1ec6-4f8a-82bd-096bc4c0d4c5", "endpoint": "/api/system/health", "method": "GET", "duration_ms": 1.56, "status_code": 200, "error_type": null, "message": "HTTP GET /api/system/health completed with status 200"}
{"timestamp": "2026-06-10T14:07:22.503889+00:00", "level": "INFO", "event": "request_completed", "request_id": "c939fdcb-03f0-4a3f-974a-ee5ee94514ec", "endpoint": "/api/system/health", "method": "GET", "duration_ms": 116.49, "status_code": 200, "error_type": null, "message": "HTTP GET /api/system/health completed with status 200"}
{"timestamp": "2026-06-10T14:07:25.168172+00:00", "level": "WARNING", "event": "slow_request_detected", "request_id": "499931fe-b39e-4a84-b6e1-d59c957cbe9f", "endpoint": "/api/auth/login", "method": "POST", "duration_ms": 1039.32, "status_code": 200, "message": "Request took 1039.32ms which is slow (>1000ms)"}
{"timestamp": "2026-06-10T14:07:25.170176+00:00", "level": "INFO", "event": "request_completed", "request_id": "499931fe-b39e-4a84-b6e1-d59c957cbe9f", "endpoint": "/api/auth/login", "method": "POST", "duration_ms": 1039.32, "status_code": 200, "error_type": null, "message": "HTTP POST /api/auth/login completed with status 200"}
{"timestamp": "2026-06-10T14:07:25.303518+00:00", "level": "INFO", "event": "request_completed", "request_id": "07531ef1-a8ac-4e25-92f5-0a44785ac0f1", "user_id": "5", "endpoint": "/api/auth/me", "method": "GET", "duration_ms": 122.01, "status_code": 200, "error_type": null, "message": "HTTP GET /api/auth/me completed with status 200"}
{"timestamp": "2026-06-10T14:07:25.333112+00:00", "level": "INFO", "event": "request_completed", "request_id": "22117eab-979a-46bd-a156-5795d02e23c0", "user_id": "5", "endpoint": "/api/current-prices", "method": "GET", "duration_ms": 13.53, "status_code": 200, "error_type": null, "message": "HTTP GET /api/current-prices completed with status 200"}
{"timestamp": "2026-06-10T14:07:25.336628+00:00", "level": "INFO", "event": "request_completed", "request_id": "cc97ea96-f8f3-41dc-bfe3-736eba2414d5", "user_id": "5", "endpoint": "/api/auth/me", "method": "GET", "duration_ms": 25.78, "status_code": 200, "error_type": null, "message": "HTTP GET /api/auth/me completed with status 200"}
{"timestamp": "2026-06-10T14:07:25.344651+00:00", "level": "INFO", "event": "request_completed", "request_id": "8a1dc893-1a17-43fd-965f-2017b4933715", "user_id": "5", "endpoint": "/api/current-prices", "method": "GET", "duration_ms": 3.52, "status_code": 200, "error_type": null, "message": "HTTP GET /api/current-prices completed with status 200"}
{"timestamp": "2026-06-10T14:07:25.345561+00:00", "level": "INFO", "event": "request_completed", "request_id": "c1fb9f44-dcd2-490e-8001-64524b5f90c9", "user_id": "5", "endpoint": "/api/auth/me", "method": "GET", "duration_ms": 9.99, "status_code": 200, "error_type": null, "message": "HTTP GET /api/auth/me completed with status 200"}
{"timestamp": "2026-06-10T14:07:25.413248+00:00", "level": "INFO", "event": "request_completed", "request_id": "1fffb42d-2ed2-401e-8a8f-0c43d4f464c3", "user_id": "5", "endpoint": "/api/system/health", "method": "GET", "duration_ms": 3.13, "status_code": 200, "error_type": null, "message": "HTTP GET /api/system/health completed with status 200"}
{"timestamp": "2026-06-10T14:07:25.413248+00:00", "level": "INFO", "event": "request_completed", "request_id": "8f121658-3a48-471f-82ff-62c91c81adb9", "user_id": "5", "endpoint": "/api/system/health", "method": "GET", "duration_ms": 2.18, "status_code": 200, "error_type": null, "message": "HTTP GET /api/system/health completed with status 200"}
{"timestamp": "2026-06-10T14:07:29.134101+00:00", "level": "INFO", "event": "request_completed", "request_id": "2f5c1565-b504-4f27-9e35-807291d67548", "user_id": "5", "endpoint": "/api/auth/me", "method": "GET", "duration_ms": 6.05, "status_code": 200, "error_type": null, "message": "HTTP GET /api/auth/me completed with status 200"}
{"timestamp": "2026-06-10T14:07:29.210517+00:00", "level": "INFO", "event": "request_completed", "request_id": "102c5c7d-dea2-4bf8-9cf2-76e484849285", "user_id": "5", "endpoint": "/api/system/health", "method": "GET", "duration_ms": 4.34, "status_code": 200, "error_type": null, "message": "HTTP GET /api/system/health completed with status 200"}
{"timestamp": "2026-06-10T15:46:32.474705+00:00", "level": "INFO", "event": "request_completed", "request_id": "01d15e6a-fd67-4e4a-80d6-6a5b0fade119", "endpoint": "/js/app.js", "method": "GET", "duration_ms": 7.06, "status_code": 304, "error_type": null, "message": "HTTP GET /js/app.js completed with status 304"}
{"timestamp": "2026-06-10T15:46:32.601473+00:00", "level": "INFO", "event": "request_completed", "request_id": "7317cbae-29af-4add-a0d0-d298d1b36fc9", "endpoint": "/js/router.js", "method": "GET", "duration_ms": 6.91, "status_code": 304, "error_type": null, "message": "HTTP GET /js/router.js completed with status 304"}
{"timestamp": "2026-06-10T15:46:32.610868+00:00", "level": "INFO", "event": "request_completed", "request_id": "5f5840b5-079d-49b3-897e-46b0372c793f", "endpoint": "/js/components/Sidebar.js", "method": "GET", "duration_ms": 14.97, "status_code": 304, "error_type": null, "message": "HTTP GET /js/components/Sidebar.js completed with status 304"}
{"timestamp": "2026-06-10T15:46:32.631813+00:00", "level": "INFO", "event": "request_completed", "request_id": "61f33e07-eb7f-4181-aab8-737e71bfaace", "endpoint": "/js/views/Optimizer.js", "method": "GET", "duration_ms": 14.05, "status_code": 304, "error_type": null, "message": "HTTP GET /js/views/Optimizer.js completed with status 304"}
{"timestamp": "2026-06-10T15:46:32.636327+00:00", "level": "INFO", "event": "request_completed", "request_id": "f6568762-d974-400e-a17c-2b626832bfdb", "endpoint": "/js/views/AIAssistant.js", "method": "GET", "duration_ms": 20.35, "status_code": 304, "error_type": null, "message": "HTTP GET /js/views/AIAssistant.js completed with status 304"}
{"timestamp": "2026-06-10T15:46:32.639233+00:00", "level": "INFO", "event": "request_completed", "request_id": "a1f7f4e1-3159-4df3-a2ad-bf036dca26f7", "endpoint": "/js/views/Backtest.js", "method": "GET", "duration_ms": 21.76, "status_code": 304, "error_type": null, "message": "HTTP GET /js/views/Backtest.js completed with status 304"}
{"timestamp": "2026-06-10T15:46:32.642496+00:00", "level": "INFO", "event": "request_completed", "request_id": "b14e0a3e-6b26-44d8-9714-dda11443b8b2", "endpoint": "/js/views/Quant.js", "method": "GET", "duration_ms": 22.84, "status_code": 304, "error_type": null, "message": "HTTP GET /js/views/Quant.js completed with status 304"}
{"timestamp": "2026-06-10T15:46:32.642496+00:00", "level": "INFO", "event": "request_completed", "request_id": "eb1cb127-28d0-4b45-b668-24412d2cae86", "endpoint": "/js/views/AIResearch.js", "method": "GET", "duration_ms": 21.56, "status_code": 304, "error_type": null, "message": "HTTP GET /js/views/AIResearch.js completed with status 304"}
{"timestamp": "2026-06-10T15:46:32.642496+00:00", "level": "INFO", "event": "request_completed", "request_id": "3674961f-ef40-460e-ad4d-8a2ff8322a9b", "endpoint": "/js/views/OpsDashboard.js", "method": "GET", "duration_ms": 22.79, "status_code": 304, "error_type": null, "message": "HTTP GET /js/views/OpsDashboard.js completed with status 304"}
{"timestamp": "2026-06-10T15:46:32.642496+00:00", "level": "INFO", "event": "request_completed", "request_id": "3a61793f-d428-4ae8-a1fe-dc288c7ffa0d", "endpoint": "/js/i18n.js", "method": "GET", "duration_ms": 6.36, "status_code": 304, "error_type": null, "message": "HTTP GET /js/i18n.js completed with status 304"}
{"timestamp": "2026-06-10T15:46:32.642496+00:00", "level": "INFO", "event": "request_completed", "request_id": "9c60e319-d791-402e-b679-d39302fb451b", "endpoint": "/js/api.js", "method": "GET", "duration_ms": 8.06, "status_code": 304, "error_type": null, "message": "HTTP GET /js/api.js completed with status 304"}
{"timestamp": "2026-06-10T15:46:32.696695+00:00", "level": "INFO", "event": "request_completed", "request_id": "95c60a9c-cc03-4e99-942f-5710347907f1", "endpoint": "/api/auth/me", "method": "GET", "duration_ms": 19.7, "status_code": 401, "error_type": null, "message": "HTTP GET /api/auth/me completed with status 401"}
{"timestamp": "2026-06-10T15:46:35.533130+00:00", "level": "WARNING", "event": "slow_request_detected", "request_id": "bde134e3-28f7-4db6-aba8-e900ba632932", "endpoint": "/api/system/health", "method": "GET", "duration_ms": 2660.38, "status_code": 200, "message": "Request took 2660.38ms which is slow (>1000ms)"}
{"timestamp": "2026-06-10T15:46:35.534154+00:00", "level": "INFO", "event": "request_completed", "request_id": "bde134e3-28f7-4db6-aba8-e900ba632932", "endpoint": "/api/system/health", "method": "GET", "duration_ms": 2660.38, "status_code": 200, "error_type": null, "message": "HTTP GET /api/system/health completed with status 200"}
{"timestamp": "2026-06-10T15:46:35.651570+00:00", "level": "CRITICAL", "event": "request_failed", "request_id": "6b605ae1-9f4c-4952-9d96-396a97c6000e", "endpoint": "/api/auth/refresh", "method": "POST", "error_type": "AttributeError", "message": "'RefreshToken' object has no attribute 'token'"}
{"timestamp": "2026-06-10T15:46:35.651570+00:00", "level": "WARNING", "event": "slow_request_detected", "request_id": "6b605ae1-9f4c-4952-9d96-396a97c6000e", "endpoint": "/api/auth/refresh", "method": "POST", "duration_ms": 2781.53, "status_code": 500, "message": "Request took 2781.53ms which is slow (>1000ms)"}
{"timestamp": "2026-06-10T15:46:35.652648+00:00", "level": "INFO", "event": "request_completed", "request_id": "6b605ae1-9f4c-4952-9d96-396a97c6000e", "endpoint": "/api/auth/refresh", "method": "POST", "duration_ms": 2781.53, "status_code": 500, "error_type": "AttributeError", "message": "HTTP POST /api/auth/refresh completed with status 500"}
{"timestamp": "2026-06-10T15:46:35.763635+00:00", "level": "INFO", "event": "request_completed", "request_id": "c0b74b11-3d66-4a8d-8d20-1d93fcfc92f5", "endpoint": "/api/system/health", "method": "GET", "duration_ms": 2.48, "status_code": 200, "error_type": null, "message": "HTTP GET /api/system/health completed with status 200"}
{"timestamp": "2026-06-10T15:46:47.547843+00:00", "level": "INFO", "event": "request_completed", "request_id": "659f5ccf-9d97-46d3-bd06-e95f2241155c", "endpoint": "/api/system/health", "method": "GET", "duration_ms": 4.35, "status_code": 200, "error_type": null, "message": "HTTP GET /api/system/health completed with status 200"}
{"timestamp": "2026-06-10T15:46:50.522124+00:00", "level": "INFO", "event": "request_completed", "request_id": "75b09714-2adb-4d4e-8115-78b2724462ef", "endpoint": "/api/auth/login", "method": "POST", "duration_ms": 310.2, "status_code": 200, "error_type": null, "message": "HTTP POST /api/auth/login completed with status 200"}
{"timestamp": "2026-06-10T15:46:50.537979+00:00", "level": "INFO", "event": "request_completed", "request_id": "c0db0811-ed54-4567-8815-622736d35032", "user_id": "5", "endpoint": "/api/auth/me", "method": "GET", "duration_ms": 18.36, "status_code": 200, "error_type": null, "message": "HTTP GET /api/auth/me completed with status 200"}
{"timestamp": "2026-06-10T15:46:50.577925+00:00", "level": "INFO", "event": "request_completed", "request_id": "d978d12a-00cf-4393-bc08-6995a6792526", "user_id": "5", "endpoint": "/api/current-prices", "method": "GET", "duration_ms": 22.82, "status_code": 200, "error_type": null, "message": "HTTP GET /api/current-prices completed with status 200"}
{"timestamp": "2026-06-10T15:46:50.579930+00:00", "level": "INFO", "event": "request_completed", "request_id": "81bd1fb6-6dbc-4413-a832-fa61f1bb82b6", "user_id": "5", "endpoint": "/api/auth/me", "method": "GET", "duration_ms": 31.61, "status_code": 200, "error_type": null, "message": "HTTP GET /api/auth/me completed with status 200"}
{"timestamp": "2026-06-10T15:46:50.579930+00:00", "level": "INFO", "event": "request_completed", "request_id": "5ba05b3a-f8b8-4c40-8cc9-4be973e53af4", "user_id": "5", "endpoint": "/api/current-prices", "method": "GET", "duration_ms": 3.3, "status_code": 200, "error_type": null, "message": "HTTP GET /api/current-prices completed with status 200"}
{"timestamp": "2026-06-10T15:46:50.579930+00:00", "level": "INFO", "event": "request_completed", "request_id": "6d59d362-4b58-4f4d-b211-674976ea0999", "user_id": "5", "endpoint": "/api/system/health", "method": "GET", "duration_ms": 8.08, "status_code": 200, "error_type": null, "message": "HTTP GET /api/system/health completed with status 200"}
{"timestamp": "2026-06-10T15:46:50.594230+00:00", "level": "INFO", "event": "request_completed", "request_id": "95080006-1294-4f9d-9091-6106458cd36b", "user_id": "5", "endpoint": "/api/system/health", "method": "GET", "duration_ms": 4.43, "status_code": 200, "error_type": null, "message": "HTTP GET /api/system/health completed with status 200"}
{"timestamp": "2026-06-10T15:46:50.594230+00:00", "level": "INFO", "event": "request_completed", "request_id": "b2a8dcde-09d7-4d07-9d37-cd4a2563f578", "user_id": "5", "endpoint": "/api/auth/me", "method": "GET", "duration_ms": 13.17, "status_code": 200, "error_type": null, "message": "HTTP GET /api/auth/me completed with status 200"}
{"timestamp": "2026-06-10T15:46:54.606489+00:00", "level": "INFO", "event": "request_completed", "request_id": "91111d97-6d4f-42bb-bb4b-aeb51d24ddd4", "user_id": "5", "endpoint": "/api/auth/me", "method": "GET", "duration_ms": 24.99, "status_code": 200, "error_type": null, "message": "HTTP GET /api/auth/me completed with status 200"}
{"timestamp": "2026-06-10T15:46:54.622140+00:00", "level": "INFO", "event": "request_completed", "request_id": "80cce6ce-d251-473e-8b27-5375601deb6a", "user_id": "5", "endpoint": "/api/system/health", "method": "GET", "duration_ms": 11.34, "status_code": 200, "error_type": null, "message": "HTTP GET /api/system/health completed with status 200"}
{"timestamp": "2026-06-10T15:46:54.666953+00:00", "level": "INFO", "event": "request_completed", "request_id": "852085f1-0165-4c52-b03f-7cf1a7f966e9", "user_id": "5", "endpoint": "/api/portfolios", "method": "GET", "duration_ms": 73.89, "status_code": 200, "error_type": null, "message": "HTTP GET /api/portfolios completed with status 200"}
{"timestamp": "2026-06-10T15:46:55.342702+00:00", "level": "INFO", "event": "request_completed", "request_id": "c6770486-4ccf-4aa5-8fbc-a8c373b90396", "user_id": "5", "endpoint": "/api/current-prices", "method": "GET", "duration_ms": 2.5, "status_code": 200, "error_type": null, "message": "HTTP GET /api/current-prices completed with status 200"}
{"timestamp": "2026-06-10T15:46:55.342702+00:00", "level": "INFO", "event": "request_completed", "request_id": "8bc81ea4-372c-47e3-9aa3-0484271ee336", "user_id": "5", "endpoint": "/api/system/health", "method": "GET", "duration_ms": 5.57, "status_code": 200, "error_type": null, "message": "HTTP GET /api/system/health completed with status 200"}
{"timestamp": "2026-06-10T15:46:55.354950+00:00", "level": "INFO", "event": "request_completed", "request_id": "e544d3b5-8af9-42f0-8a26-2e30d0625077", "user_id": "5", "endpoint": "/api/auth/me", "method": "GET", "duration_ms": 14.4, "status_code": 200, "error_type": null, "message": "HTTP GET /api/auth/me completed with status 200"}
{"timestamp": "2026-06-10T15:46:55.819341+00:00", "level": "WARNING", "event": "slow_request_detected", "request_id": "eb4dd41f-9b73-4a91-a3bd-aea7fce79ee7", "user_id": "5", "endpoint": "/api/portfolios/13/holdings", "method": "GET", "duration_ms": 1145.95, "status_code": 200, "message": "Request took 1145.95ms which is slow (>1000ms)"}
{"timestamp": "2026-06-10T15:46:55.819341+00:00", "level": "INFO", "event": "request_completed", "request_id": "eb4dd41f-9b73-4a91-a3bd-aea7fce79ee7", "user_id": "5", "endpoint": "/api/portfolios/13/holdings", "method": "GET", "duration_ms": 1145.95, "status_code": 200, "error_type": null, "message": "HTTP GET /api/portfolios/13/holdings completed with status 200"}
{"timestamp": "2026-06-10T15:46:55.841848+00:00", "level": "INFO", "event": "request_completed", "request_id": "4fa7c4b6-32ca-46ea-b90a-ac78d3357c15", "user_id": "5", "endpoint": "/api/portfolios/13/transactions", "method": "GET", "duration_ms": 16.77, "status_code": 200, "error_type": null, "message": "HTTP GET /api/portfolios/13/transactions completed with status 200"}
{"timestamp": "2026-06-10T15:46:56.358680+00:00", "level": "INFO", "event": "request_completed", "request_id": "f10e8081-c9b5-483d-a7af-82a6cb8b5427", "user_id": "5", "endpoint": "/api/system/health", "method": "GET", "duration_ms": 3.18, "status_code": 200, "error_type": null, "message": "HTTP GET /api/system/health completed with status 200"}
{"timestamp": "2026-06-10T15:46:56.364699+00:00", "level": "INFO", "event": "request_completed", "request_id": "5c030a2b-bbc9-44bd-80ce-1361c28d12ac", "user_id": "5", "endpoint": "/api/auth/me", "method": "GET", "duration_ms": 11.87, "status_code": 200, "error_type": null, "message": "HTTP GET /api/auth/me completed with status 200"}
{"timestamp": "2026-06-10T15:46:56.366704+00:00", "level": "INFO", "event": "request_completed", "request_id": "0f8cb51c-0671-4179-b595-3f38eb821e92", "user_id": "5", "endpoint": "/api/portfolios", "method": "GET", "duration_ms": 13.38, "status_code": 200, "error_type": null, "message": "HTTP GET /api/portfolios completed with status 200"}
{"timestamp": "2026-06-10T15:46:56.984020+00:00", "level": "INFO", "event": "request_completed", "request_id": "71779788-868b-431a-b2c4-a1f419b38e7d", "user_id": "5", "endpoint": "/api/system/health", "method": "GET", "duration_ms": 5.68, "status_code": 200, "error_type": null, "message": "HTTP GET /api/system/health completed with status 200"}
{"timestamp": "2026-06-10T15:46:56.988035+00:00", "level": "INFO", "event": "request_completed", "request_id": "d61f44a5-1c12-4b57-b420-d710c7a875dd", "user_id": "5", "endpoint": "/api/auth/me", "method": "GET", "duration_ms": 14.5, "status_code": 200, "error_type": null, "message": "HTTP GET /api/auth/me completed with status 200"}
{"timestamp": "2026-06-10T15:46:57.389624+00:00", "level": "WARNING", "event": "slow_request_detected", "request_id": "c335de0d-9b1c-4376-bbaa-38ac23b6ee49", "user_id": "5", "endpoint": "/api/portfolios/13/holdings", "method": "GET", "duration_ms": 1026.54, "status_code": 200, "message": "Request took 1026.54ms which is slow (>1000ms)"}
{"timestamp": "2026-06-10T15:46:57.389624+00:00", "level": "INFO", "event": "request_completed", "request_id": "c335de0d-9b1c-4376-bbaa-38ac23b6ee49", "user_id": "5", "endpoint": "/api/portfolios/13/holdings", "method": "GET", "duration_ms": 1026.54, "status_code": 200, "error_type": null, "message": "HTTP GET /api/portfolios/13/holdings completed with status 200"}
{"timestamp": "2026-06-10T15:46:57.416431+00:00", "level": "INFO", "event": "request_completed", "request_id": "ffd13815-5910-4e05-b07d-36e047adf9c0", "user_id": "5", "endpoint": "/api/portfolios/13/transactions", "method": "GET", "duration_ms": 15.13, "status_code": 200, "error_type": null, "message": "HTTP GET /api/portfolios/13/transactions completed with status 200"}
{"timestamp": "2026-06-10T15:46:58.046206+00:00", "level": "WARNING", "event": "slow_request_detected", "request_id": "c8f51f85-a74b-4acd-a015-426a3e4c40e3", "user_id": "5", "endpoint": "/api/current-prices", "method": "GET", "duration_ms": 1074.95, "status_code": 200, "message": "Request took 1074.95ms which is slow (>1000ms)"}
{"timestamp": "2026-06-10T15:46:58.046206+00:00", "level": "INFO", "event": "request_completed", "request_id": "c8f51f85-a74b-4acd-a015-426a3e4c40e3", "user_id": "5", "endpoint": "/api/current-prices", "method": "GET", "duration_ms": 1074.95, "status_code": 200, "error_type": null, "message": "HTTP GET /api/current-prices completed with status 200"}
{"timestamp": "2026-06-10T15:46:59.996163+00:00", "level": "INFO", "event": "request_completed", "request_id": "8634771c-e85a-46e1-9583-96e26c7ea0d3", "user_id": "5", "endpoint": "/api/auth/me", "method": "GET", "duration_ms": 10.95, "status_code": 200, "error_type": null, "message": "HTTP GET /api/auth/me completed with status 200"}
{"timestamp": "2026-06-10T15:47:00.012002+00:00", "level": "INFO", "event": "request_completed", "request_id": "50a222a9-c2e5-43d0-8b46-c22495e586b8", "user_id": "5", "endpoint": "/api/system/health", "method": "GET", "duration_ms": 5.92, "status_code": 200, "error_type": null, "message": "HTTP GET /api/system/health completed with status 200"}
{"timestamp": "2026-06-10T15:47:00.012002+00:00", "level": "INFO", "event": "request_completed", "request_id": "4ae6f34d-43b8-4c6f-a7bb-1682ec986ee7", "user_id": "5", "endpoint": "/api/portfolios", "method": "GET", "duration_ms": 15.74, "status_code": 200, "error_type": null, "message": "HTTP GET /api/portfolios completed with status 200"}
{"timestamp": "2026-06-10T15:47:00.961351+00:00", "level": "INFO", "event": "request_completed", "request_id": "e4911a51-ac41-499e-ac9a-7cf546620e0f", "user_id": "5", "endpoint": "/api/portfolios/13/holdings", "method": "GET", "duration_ms": 947.77, "status_code": 200, "error_type": null, "message": "HTTP GET /api/portfolios/13/holdings completed with status 200"}
{"timestamp": "2026-06-10T15:47:00.977225+00:00", "level": "INFO", "event": "request_completed", "request_id": "13ca2828-6e67-4603-9e28-d23ed2753e62", "user_id": "5", "endpoint": "/api/portfolios/13/transactions", "method": "GET", "duration_ms": 12.13, "status_code": 200, "error_type": null, "message": "HTTP GET /api/portfolios/13/transactions completed with status 200"}
{"timestamp": "2026-06-10T15:47:01.855394+00:00", "level": "INFO", "event": "request_completed", "request_id": "bec4032c-b193-4200-9ef2-596ab4ba6ba3", "user_id": "5", "endpoint": "/api/system/health", "method": "GET", "duration_ms": 2.16, "status_code": 200, "error_type": null, "message": "HTTP GET /api/system/health completed with status 200"}
{"timestamp": "2026-06-10T15:47:01.855394+00:00", "level": "INFO", "event": "request_completed", "request_id": "5d30fc00-ccb1-4d53-a7fa-6baf68af162d", "user_id": "5", "endpoint": "/api/auth/me", "method": "GET", "duration_ms": 7.71, "status_code": 200, "error_type": null, "message": "HTTP GET /api/auth/me completed with status 200"}
{"timestamp": "2026-06-10T15:47:02.802295+00:00", "level": "INFO", "event": "request_completed", "request_id": "01e5883d-1ea7-4f60-b07b-17188bb311c0", "user_id": "5", "endpoint": "/api/current-prices", "method": "GET", "duration_ms": 944.64, "status_code": 200, "error_type": null, "message": "HTTP GET /api/current-prices completed with status 200"}
{"timestamp": "2026-06-10T15:47:03.312258+00:00", "level": "INFO", "event": "request_completed", "request_id": "f9677189-fddc-4363-ac20-a2fd67cee090", "user_id": "5", "endpoint": "/api/system/health", "method": "GET", "duration_ms": 2.98, "status_code": 200, "error_type": null, "message": "HTTP GET /api/system/health completed with status 200"}
{"timestamp": "2026-06-10T15:47:03.312258+00:00", "level": "INFO", "event": "request_completed", "request_id": "452d7b65-9332-4ab5-86a9-332f398395db", "user_id": "5", "endpoint": "/api/auth/me", "method": "GET", "duration_ms": 10.62, "status_code": 200, "error_type": null, "message": "HTTP GET /api/auth/me completed with status 200"}
{"timestamp": "2026-06-10T15:47:03.328003+00:00", "level": "INFO", "event": "request_completed", "request_id": "94a33f19-5609-4ff5-be3c-89384081cb99", "user_id": "5", "endpoint": "/api/portfolios", "method": "GET", "duration_ms": 12.29, "status_code": 200, "error_type": null, "message": "HTTP GET /api/portfolios completed with status 200"}
{"timestamp": "2026-06-10T15:47:03.848410+00:00", "level": "INFO", "event": "request_completed", "request_id": "6f3ff290-3993-4f3e-bb74-66442751776c", "user_id": "5", "endpoint": "/api/system/health", "method": "GET", "duration_ms": 1.94, "status_code": 200, "error_type": null, "message": "HTTP GET /api/system/health completed with status 200"}
{"timestamp": "2026-06-10T15:47:03.848410+00:00", "level": "INFO", "event": "request_completed", "request_id": "1aa70304-dd13-4dbe-9a3f-ae27a6ad38a2", "user_id": "5", "endpoint": "/api/auth/me", "method": "GET", "duration_ms": 10.34, "status_code": 200, "error_type": null, "message": "HTTP GET /api/auth/me completed with status 200"}
{"timestamp": "2026-06-10T15:47:04.340176+00:00", "level": "WARNING", "event": "slow_request_detected", "request_id": "b44577fe-c3b1-4bd9-8e9d-e3172c46ca4f", "user_id": "5", "endpoint": "/api/portfolios/13/holdings", "method": "GET", "duration_ms": 1007.61, "status_code": 200, "message": "Request took 1007.61ms which is slow (>1000ms)"}
{"timestamp": "2026-06-10T15:47:04.340176+00:00", "level": "INFO", "event": "request_completed", "request_id": "b44577fe-c3b1-4bd9-8e9d-e3172c46ca4f", "user_id": "5", "endpoint": "/api/portfolios/13/holdings", "method": "GET", "duration_ms": 1007.61, "status_code": 200, "error_type": null, "message": "HTTP GET /api/portfolios/13/holdings completed with status 200"}
{"timestamp": "2026-06-10T15:47:04.354344+00:00", "level": "INFO", "event": "request_completed", "request_id": "007db7b3-6d0f-452b-b31a-cf8a58440f7e", "user_id": "5", "endpoint": "/api/portfolios/13/transactions", "method": "GET", "duration_ms": 13.41, "status_code": 200, "error_type": null, "message": "HTTP GET /api/portfolios/13/transactions completed with status 200"}
{"timestamp": "2026-06-10T15:47:05.051087+00:00", "level": "WARNING", "event": "slow_request_detected", "request_id": "8b6cbad0-6e26-4cef-95b3-b851bee1f141", "user_id": "5", "endpoint": "/api/current-prices", "method": "GET", "duration_ms": 1202.32, "status_code": 200, "message": "Request took 1202.32ms which is slow (>1000ms)"}
{"timestamp": "2026-06-10T15:47:05.051087+00:00", "level": "INFO", "event": "request_completed", "request_id": "8b6cbad0-6e26-4cef-95b3-b851bee1f141", "user_id": "5", "endpoint": "/api/current-prices", "method": "GET", "duration_ms": 1202.32, "status_code": 200, "error_type": null, "message": "HTTP GET /api/current-prices completed with status 200"}
{"timestamp": "2026-06-10T15:47:08.673705+00:00", "level": "INFO", "event": "request_completed", "request_id": "dedcae7a-5039-46f6-899f-7241bfe3b5b0", "user_id": "5", "endpoint": "/api/auth/me", "method": "GET", "duration_ms": 8.42, "status_code": 200, "error_type": null, "message": "HTTP GET /api/auth/me completed with status 200"}
{"timestamp": "2026-06-10T15:47:08.705397+00:00", "level": "INFO", "event": "request_completed", "request_id": "0f2587de-f5f2-4827-b8eb-c2a41c4e6592", "user_id": "5", "endpoint": "/api/system/health", "method": "GET", "duration_ms": 3.61, "status_code": 200, "error_type": null, "message": "HTTP GET /api/system/health completed with status 200"}
{"timestamp": "2026-06-10T15:47:09.822576+00:00", "level": "WARNING", "event": "slow_request_detected", "request_id": "57376261-7efb-43c6-9d70-eaae8ceb8303", "user_id": "5", "endpoint": "/api/current-prices", "method": "GET", "duration_ms": 1148.92, "status_code": 200, "message": "Request took 1148.92ms which is slow (>1000ms)"}
{"timestamp": "2026-06-10T15:47:09.822576+00:00", "level": "INFO", "event": "request_completed", "request_id": "57376261-7efb-43c6-9d70-eaae8ceb8303", "user_id": "5", "endpoint": "/api/current-prices", "method": "GET", "duration_ms": 1148.92, "status_code": 200, "error_type": null, "message": "HTTP GET /api/current-prices completed with status 200"}
{"timestamp": "2026-06-10T15:47:11.793597+00:00", "level": "INFO", "event": "request_completed", "request_id": "0592a889-ded8-461b-b819-102eca5dcf3c", "user_id": "5", "endpoint": "/api/auth/me", "method": "GET", "duration_ms": 15.32, "status_code": 200, "error_type": null, "message": "HTTP GET /api/auth/me completed with status 200"}
{"timestamp": "2026-06-10T15:47:11.796701+00:00", "level": "INFO", "event": "request_completed", "request_id": "2c57b3c1-3e99-4dd0-8496-dc1d5ffe086e", "user_id": "5", "endpoint": "/api/system/health", "method": "GET", "duration_ms": 6.49, "status_code": 200, "error_type": null, "message": "HTTP GET /api/system/health completed with status 200"}
{"timestamp": "2026-06-10T15:47:11.801081+00:00", "level": "INFO", "event": "request_completed", "request_id": "a882f05e-4ae6-46a3-b8cf-48670f54e1c8", "user_id": "5", "endpoint": "/api/portfolios", "method": "GET", "duration_ms": 19.95, "status_code": 200, "error_type": null, "message": "HTTP GET /api/portfolios completed with status 200"}
{"timestamp": "2026-06-10T15:47:12.807566+00:00", "level": "WARNING", "event": "slow_request_detected", "request_id": "5ac5fba1-2c66-4fc4-bae9-3bb13a3bb6e5", "user_id": "5", "endpoint": "/api/portfolios/13/holdings", "method": "GET", "duration_ms": 1003.69, "status_code": 200, "message": "Request took 1003.69ms which is slow (>1000ms)"}
{"timestamp": "2026-06-10T15:47:12.807566+00:00", "level": "INFO", "event": "request_completed", "request_id": "5ac5fba1-2c66-4fc4-bae9-3bb13a3bb6e5", "user_id": "5", "endpoint": "/api/portfolios/13/holdings", "method": "GET", "duration_ms": 1003.69, "status_code": 200, "error_type": null, "message": "HTTP GET /api/portfolios/13/holdings completed with status 200"}
{"timestamp": "2026-06-10T15:47:12.817659+00:00", "level": "INFO", "event": "request_completed", "request_id": "68fc3eb1-23cd-43eb-8934-4ca944175b37", "user_id": "5", "endpoint": "/api/portfolios/13/transactions", "method": "GET", "duration_ms": 16.18, "status_code": 200, "error_type": null, "message": "HTTP GET /api/portfolios/13/transactions completed with status 200"}
{"timestamp": "2026-06-10T15:47:15.717202+00:00", "level": "INFO", "event": "request_completed", "request_id": "0d36e600-197a-46fd-b615-af3e1a45fef5", "user_id": "5", "endpoint": "/api/portfolios/25/set-default", "method": "POST", "duration_ms": 294.39, "status_code": 200, "error_type": null, "message": "HTTP POST /api/portfolios/25/set-default completed with status 200"}
{"timestamp": "2026-06-10T15:47:15.734731+00:00", "level": "INFO", "event": "request_completed", "request_id": "2bd550d3-7bfd-441b-80cc-4ea80f130e92", "user_id": "5", "endpoint": "/api/portfolios", "method": "GET", "duration_ms": 6.42, "status_code": 200, "error_type": null, "message": "HTTP GET /api/portfolios completed with status 200"}
{"timestamp": "2026-06-10T15:47:16.087541+00:00", "level": "INFO", "event": "request_completed", "request_id": "4f26148f-a97d-4d12-bf53-b1d83522dab4", "user_id": "5", "endpoint": "/api/portfolios/25/holdings", "method": "GET", "duration_ms": 348.64, "status_code": 200, "error_type": null, "message": "HTTP GET /api/portfolios/25/holdings completed with status 200"}
{"timestamp": "2026-06-10T15:47:16.103575+00:00", "level": "INFO", "event": "request_completed", "request_id": "2f1672aa-dc28-4512-ab75-470a7b38cfa7", "user_id": "5", "endpoint": "/api/portfolios/25/transactions", "method": "GET", "duration_ms": 14.18, "status_code": 200, "error_type": null, "message": "HTTP GET /api/portfolios/25/transactions completed with status 200"}
{"timestamp": "2026-06-10T15:47:21.165990+00:00", "level": "INFO", "event": "request_completed", "request_id": "2d75c70f-4c56-40d7-ade3-f32b00fde180", "user_id": "5", "endpoint": "/api/portfolios/13/set-default", "method": "POST", "duration_ms": 32.97, "status_code": 200, "error_type": null, "message": "HTTP POST /api/portfolios/13/set-default completed with status 200"}
{"timestamp": "2026-06-10T15:47:21.175756+00:00", "level": "INFO", "event": "request_completed", "request_id": "42d3038a-2b49-42f5-88f2-fcab880ab546", "user_id": "5", "endpoint": "/api/portfolios", "method": "GET", "duration_ms": 6.33, "status_code": 200, "error_type": null, "message": "HTTP GET /api/portfolios completed with status 200"}
{"timestamp": "2026-06-10T15:47:22.344433+00:00", "level": "WARNING", "event": "slow_request_detected", "request_id": "3f27c3f9-df87-472f-a4f7-6883f32eb696", "user_id": "5", "endpoint": "/api/portfolios/13/holdings", "method": "GET", "duration_ms": 1167.13, "status_code": 200, "message": "Request took 1167.13ms which is slow (>1000ms)"}
{"timestamp": "2026-06-10T15:47:22.344433+00:00", "level": "INFO", "event": "request_completed", "request_id": "3f27c3f9-df87-472f-a4f7-6883f32eb696", "user_id": "5", "endpoint": "/api/portfolios/13/holdings", "method": "GET", "duration_ms": 1167.13, "status_code": 200, "error_type": null, "message": "HTTP GET /api/portfolios/13/holdings completed with status 200"}
{"timestamp": "2026-06-10T15:47:22.366880+00:00", "level": "INFO", "event": "request_completed", "request_id": "a400d15a-7bfb-47dc-a3df-9f7761ed467d", "user_id": "5", "endpoint": "/api/portfolios/13/transactions", "method": "GET", "duration_ms": 13.2, "status_code": 200, "error_type": null, "message": "HTTP GET /api/portfolios/13/transactions completed with status 200"}
{"timestamp": "2026-06-10T15:47:29.613929+00:00", "level": "INFO", "event": "request_completed", "request_id": "0af75315-4669-44d3-9b17-4634f5485fe5", "user_id": "5", "endpoint": "/api/portfolios", "method": "GET", "duration_ms": 7.54, "status_code": 200, "error_type": null, "message": "HTTP GET /api/portfolios completed with status 200"}
{"timestamp": "2026-06-10T15:47:30.602818+00:00", "level": "INFO", "event": "request_completed", "request_id": "24c1a4cd-b52a-47be-a64b-f89fc7f55a58", "user_id": "5", "endpoint": "/api/portfolios/13/holdings", "method": "GET", "duration_ms": 974.17, "status_code": 200, "error_type": null, "message": "HTTP GET /api/portfolios/13/holdings completed with status 200"}
{"timestamp": "2026-06-10T15:47:30.608638+00:00", "level": "INFO", "event": "request_completed", "request_id": "dd020649-1bee-43c1-b2b5-922551e3195d", "user_id": "5", "endpoint": "/api/portfolios/13/transactions", "method": "GET", "duration_ms": 5.46, "status_code": 200, "error_type": null, "message": "HTTP GET /api/portfolios/13/transactions completed with status 200"}
{"timestamp": "2026-06-10T15:47:35.427466+00:00", "level": "INFO", "event": "request_completed", "request_id": "c0f5a0ad-6425-4d11-9e7c-2ac19a9e0be4", "user_id": "5", "endpoint": "/api/portfolios", "method": "GET", "duration_ms": 3.64, "status_code": 200, "error_type": null, "message": "HTTP GET /api/portfolios completed with status 200"}
{"timestamp": "2026-06-10T15:47:36.380375+00:00", "level": "INFO", "event": "request_completed", "request_id": "18a57ea4-d5f0-41d5-9cc8-85329c4e6bb4", "user_id": "5", "endpoint": "/api/portfolios/13/holdings", "method": "GET", "duration_ms": 932.21, "status_code": 200, "error_type": null, "message": "HTTP GET /api/portfolios/13/holdings completed with status 200"}
{"timestamp": "2026-06-10T15:47:36.383993+00:00", "level": "INFO", "event": "request_completed", "request_id": "8280fd35-3d22-42ef-94cc-5324a4e150b6", "user_id": "5", "endpoint": "/api/portfolios/13/transactions", "method": "GET", "duration_ms": 4.64, "status_code": 200, "error_type": null, "message": "HTTP GET /api/portfolios/13/transactions completed with status 200"}
{"timestamp": "2026-06-10T15:47:42.879694+00:00", "level": "INFO", "event": "request_completed", "request_id": "eaf22b76-ee22-4858-9ca8-03c7beef8468", "user_id": "5", "endpoint": "/api/portfolios", "method": "GET", "duration_ms": 8.92, "status_code": 200, "error_type": null, "message": "HTTP GET /api/portfolios completed with status 200"}
{"timestamp": "2026-06-10T15:47:43.860937+00:00", "level": "INFO", "event": "request_completed", "request_id": "b8bdbe8b-80c5-425e-b388-7e1d7248eb4d", "user_id": "5", "endpoint": "/api/portfolios/13/holdings", "method": "GET", "duration_ms": 964.05, "status_code": 200, "error_type": null, "message": "HTTP GET /api/portfolios/13/holdings completed with status 200"}
{"timestamp": "2026-06-10T15:47:43.870959+00:00", "level": "INFO", "event": "request_completed", "request_id": "f8045118-6b86-4c94-82ed-02d4c293c822", "user_id": "5", "endpoint": "/api/portfolios/13/transactions", "method": "GET", "duration_ms": 6.67, "status_code": 200, "error_type": null, "message": "HTTP GET /api/portfolios/13/transactions completed with status 200"}
{"timestamp": "2026-06-10T15:47:59.277214+00:00", "level": "INFO", "event": "request_completed", "request_id": "80072a4c-29d9-4490-8350-71e9cafeda41", "user_id": "5", "endpoint": "/api/portfolios", "method": "POST", "duration_ms": 46.13, "status_code": 200, "error_type": null, "message": "HTTP POST /api/portfolios completed with status 200"}
{"timestamp": "2026-06-10T15:47:59.291976+00:00", "level": "INFO", "event": "request_completed", "request_id": "144a5b6a-9ebc-494a-bf59-2c8b4b7fa35a", "user_id": "5", "endpoint": "/api/portfolios", "method": "GET", "duration_ms": 6.73, "status_code": 200, "error_type": null, "message": "HTTP GET /api/portfolios completed with status 200"}
{"timestamp": "2026-06-10T15:48:00.312421+00:00", "level": "WARNING", "event": "slow_request_detected", "request_id": "12f1cbaa-ec44-4244-93d2-f7bb9de7a3ea", "user_id": "5", "endpoint": "/api/portfolios/13/holdings", "method": "GET", "duration_ms": 1015.27, "status_code": 200, "message": "Request took 1015.27ms which is slow (>1000ms)"}
{"timestamp": "2026-06-10T15:48:00.312421+00:00", "level": "INFO", "event": "request_completed", "request_id": "12f1cbaa-ec44-4244-93d2-f7bb9de7a3ea", "user_id": "5", "endpoint": "/api/portfolios/13/holdings", "method": "GET", "duration_ms": 1015.27, "status_code": 200, "error_type": null, "message": "HTTP GET /api/portfolios/13/holdings completed with status 200"}
{"timestamp": "2026-06-10T15:48:00.325787+00:00", "level": "INFO", "event": "request_completed", "request_id": "977a0b87-8a90-49f8-9204-0f38d459f7f0", "user_id": "5", "endpoint": "/api/portfolios/13/transactions", "method": "GET", "duration_ms": 8.4, "status_code": 200, "error_type": null, "message": "HTTP GET /api/portfolios/13/transactions completed with status 200"}
{"timestamp": "2026-06-10T15:48:02.526712+00:00", "level": "INFO", "event": "request_completed", "request_id": "d77b371a-0638-4035-86e9-e3073869af3a", "user_id": "5", "endpoint": "/api/portfolios/34/set-default", "method": "POST", "duration_ms": 13.74, "status_code": 200, "error_type": null, "message": "HTTP POST /api/portfolios/34/set-default completed with status 200"}
{"timestamp": "2026-06-10T15:48:02.546031+00:00", "level": "INFO", "event": "request_completed", "request_id": "169c33a3-1f43-42bd-b98d-b5d4a26ba607", "user_id": "5", "endpoint": "/api/portfolios", "method": "GET", "duration_ms": 5.61, "status_code": 200, "error_type": null, "message": "HTTP GET /api/portfolios completed with status 200"}
{"timestamp": "2026-06-10T15:48:02.558402+00:00", "level": "INFO", "event": "request_completed", "request_id": "2f2e5a04-6e8c-498c-a903-1384246680b1", "user_id": "5", "endpoint": "/api/portfolios/34/holdings", "method": "GET", "duration_ms": 6.55, "status_code": 200, "error_type": null, "message": "HTTP GET /api/portfolios/34/holdings completed with status 200"}
{"timestamp": "2026-06-10T15:48:02.568344+00:00", "level": "INFO", "event": "request_completed", "request_id": "c100a129-858f-40a6-958b-0a7d96661fc1", "user_id": "5", "endpoint": "/api/portfolios/34/transactions", "method": "GET", "duration_ms": 6.89, "status_code": 200, "error_type": null, "message": "HTTP GET /api/portfolios/34/transactions completed with status 200"}
{"timestamp": "2026-06-10T15:48:04.773475+00:00", "level": "INFO", "event": "request_completed", "request_id": "28bfa368-ba4f-4f29-b72c-71d17d1504e5", "user_id": "5", "endpoint": "/api/portfolios", "method": "GET", "duration_ms": 4.38, "status_code": 200, "error_type": null, "message": "HTTP GET /api/portfolios completed with status 200"}
{"timestamp": "2026-06-10T15:48:04.792329+00:00", "level": "INFO", "event": "request_completed", "request_id": "1170563f-6035-41bb-a177-b94431960226", "user_id": "5", "endpoint": "/api/portfolios/34/holdings", "method": "GET", "duration_ms": 9.23, "status_code": 200, "error_type": null, "message": "HTTP GET /api/portfolios/34/holdings completed with status 200"}
{"timestamp": "2026-06-10T15:48:04.797573+00:00", "level": "INFO", "event": "request_completed", "request_id": "554e94a5-b73d-4f67-b4cc-12c489ac84d4", "user_id": "5", "endpoint": "/api/portfolios/34/transactions", "method": "GET", "duration_ms": 5.02, "status_code": 200, "error_type": null, "message": "HTTP GET /api/portfolios/34/transactions completed with status 200"}
{"timestamp": "2026-06-10T15:48:05.518776+00:00", "level": "INFO", "event": "request_completed", "request_id": "57fde0b3-991b-4587-8507-da958524666e", "user_id": "5", "endpoint": "/api/portfolios", "method": "GET", "duration_ms": 5.5, "status_code": 200, "error_type": null, "message": "HTTP GET /api/portfolios completed with status 200"}
{"timestamp": "2026-06-10T15:48:05.531616+00:00", "level": "INFO", "event": "request_completed", "request_id": "f25704bb-0146-42a5-8fa7-1432d64d2f3c", "user_id": "5", "endpoint": "/api/portfolios/34/holdings", "method": "GET", "duration_ms": 5.7, "status_code": 200, "error_type": null, "message": "HTTP GET /api/portfolios/34/holdings completed with status 200"}
{"timestamp": "2026-06-10T15:48:05.535907+00:00", "level": "INFO", "event": "request_completed", "request_id": "50f7f5b3-49ff-49cf-bba9-8f314c3b1dc6", "user_id": "5", "endpoint": "/api/portfolios/34/transactions", "method": "GET", "duration_ms": 4.16, "status_code": 200, "error_type": null, "message": "HTTP GET /api/portfolios/34/transactions completed with status 200"}
{"timestamp": "2026-06-10T15:48:12.557154+00:00", "level": "INFO", "event": "request_completed", "request_id": "38397b00-126f-4d1d-923c-f390d2b7f9d4", "endpoint": "/.well-known/appspecific/com.chrome.devtools.json", "method": "GET", "duration_ms": 3.3, "status_code": 404, "error_type": null, "message": "HTTP GET /.well-known/appspecific/com.chrome.devtools.json completed with status 404"}
{"timestamp": "2026-06-10T15:48:17.342359+00:00", "level": "INFO", "event": "request_completed", "request_id": "2e209cd1-478c-4092-babb-3b1f6ce6095e", "user_id": "5", "endpoint": "/api/portfolios", "method": "GET", "duration_ms": 9.89, "status_code": 200, "error_type": null, "message": "HTTP GET /api/portfolios completed with status 200"}
{"timestamp": "2026-06-10T15:48:17.359313+00:00", "level": "INFO", "event": "request_completed", "request_id": "3fc66cbe-72a8-4a28-8b9c-600c2af84437", "user_id": "5", "endpoint": "/api/portfolios/34/holdings", "method": "GET", "duration_ms": 11.7, "status_code": 200, "error_type": null, "message": "HTTP GET /api/portfolios/34/holdings completed with status 200"}
{"timestamp": "2026-06-10T15:48:17.371335+00:00", "level": "INFO", "event": "request_completed", "request_id": "f872708b-f94d-41d5-bf03-50d72aab1015", "user_id": "5", "endpoint": "/api/portfolios/34/transactions", "method": "GET", "duration_ms": 6.9, "status_code": 200, "error_type": null, "message": "HTTP GET /api/portfolios/34/transactions completed with status 200"}
{"timestamp": "2026-06-10T15:48:18.046379+00:00", "level": "INFO", "event": "request_completed", "request_id": "d4158b55-265c-421d-87c1-789e98875c79", "user_id": "5", "endpoint": "/api/portfolios", "method": "GET", "duration_ms": 3.79, "status_code": 200, "error_type": null, "message": "HTTP GET /api/portfolios completed with status 200"}
{"timestamp": "2026-06-10T15:48:18.059352+00:00", "level": "INFO", "event": "request_completed", "request_id": "5c5b89cd-9e74-4237-b791-36545ef6f7bd", "user_id": "5", "endpoint": "/api/portfolios/34/holdings", "method": "GET", "duration_ms": 5.37, "status_code": 200, "error_type": null, "message": "HTTP GET /api/portfolios/34/holdings completed with status 200"}
{"timestamp": "2026-06-10T15:48:18.069211+00:00", "level": "INFO", "event": "request_completed", "request_id": "c7312a0b-dab1-422a-8c4c-d2c41688e63b", "user_id": "5", "endpoint": "/api/portfolios/34/transactions", "method": "GET", "duration_ms": 7.84, "status_code": 200, "error_type": null, "message": "HTTP GET /api/portfolios/34/transactions completed with status 200"}
{"timestamp": "2026-06-10T15:48:18.514428+00:00", "level": "INFO", "event": "request_completed", "request_id": "975a0aba-18ee-41f7-b9ff-e7759e844800", "user_id": "5", "endpoint": "/api/portfolios", "method": "GET", "duration_ms": 4.43, "status_code": 200, "error_type": null, "message": "HTTP GET /api/portfolios completed with status 200"}
{"timestamp": "2026-06-10T15:48:18.547520+00:00", "level": "INFO", "event": "request_completed", "request_id": "e71ee160-0bb5-432b-8662-42974bd83e0f", "user_id": "5", "endpoint": "/api/portfolios/34/holdings", "method": "GET", "duration_ms": 5.45, "status_code": 200, "error_type": null, "message": "HTTP GET /api/portfolios/34/holdings completed with status 200"}
{"timestamp": "2026-06-10T15:48:18.547520+00:00", "level": "INFO", "event": "request_completed", "request_id": "6acc56d8-81fb-48a6-9408-fa6f8b6e5051", "user_id": "5", "endpoint": "/api/portfolios/34/transactions", "method": "GET", "duration_ms": 4.06, "status_code": 200, "error_type": null, "message": "HTTP GET /api/portfolios/34/transactions completed with status 200"}
{"timestamp": "2026-06-10T15:49:05.534429+00:00", "level": "INFO", "event": "request_completed", "request_id": "a4c34822-65d3-4ac3-8a5c-ffe3aa4e675b", "user_id": "5", "endpoint": "/api/portfolios/13/set-default", "method": "POST", "duration_ms": 233.32, "status_code": 200, "error_type": null, "message": "HTTP POST /api/portfolios/13/set-default completed with status 200"}
{"timestamp": "2026-06-10T15:49:05.568025+00:00", "level": "INFO", "event": "request_completed", "request_id": "8c6b77d2-2a7a-4f79-aa6a-98f6b05c0d05", "user_id": "5", "endpoint": "/api/portfolios", "method": "GET", "duration_ms": 15.69, "status_code": 200, "error_type": null, "message": "HTTP GET /api/portfolios completed with status 200"}
{"timestamp": "2026-06-10T15:49:06.761758+00:00", "level": "WARNING", "event": "slow_request_detected", "request_id": "4d51ad5a-63ea-4eb6-9cc2-e4d1e475425b", "user_id": "5", "endpoint": "/api/portfolios/13/holdings", "method": "GET", "duration_ms": 1185.03, "status_code": 200, "message": "Request took 1185.03ms which is slow (>1000ms)"}
{"timestamp": "2026-06-10T15:49:06.763090+00:00", "level": "INFO", "event": "request_completed", "request_id": "4d51ad5a-63ea-4eb6-9cc2-e4d1e475425b", "user_id": "5", "endpoint": "/api/portfolios/13/holdings", "method": "GET", "duration_ms": 1185.03, "status_code": 200, "error_type": null, "message": "HTTP GET /api/portfolios/13/holdings completed with status 200"}
{"timestamp": "2026-06-10T15:49:06.782699+00:00", "level": "INFO", "event": "request_completed", "request_id": "a773c695-5b8a-4913-b4ac-ad22278233cf", "user_id": "5", "endpoint": "/api/portfolios/13/transactions", "method": "GET", "duration_ms": 13.39, "status_code": 200, "error_type": null, "message": "HTTP GET /api/portfolios/13/transactions completed with status 200"}
{"timestamp": "2026-06-10T15:49:43.101217+00:00", "level": "INFO", "event": "request_completed", "request_id": "d2734e84-245f-4b34-a632-098f0f4ff719", "user_id": "5", "endpoint": "/api/auth/me", "method": "GET", "duration_ms": 15.52, "status_code": 200, "error_type": null, "message": "HTTP GET /api/auth/me completed with status 200"}
{"timestamp": "2026-06-10T15:49:43.169515+00:00", "level": "INFO", "event": "request_completed", "request_id": "a3ebcfdf-ce1a-4854-86ba-cc89954ae915", "user_id": "5", "endpoint": "/api/system/health", "method": "GET", "duration_ms": 36.08, "status_code": 200, "error_type": null, "message": "HTTP GET /api/system/health completed with status 200"}
{"timestamp": "2026-06-10T15:49:44.201811+00:00", "level": "WARNING", "event": "slow_request_detected", "request_id": "5697ccb0-382e-45be-ac3d-5f1590dc9357", "user_id": "5", "endpoint": "/api/current-prices", "method": "GET", "duration_ms": 1089.74, "status_code": 200, "message": "Request took 1089.74ms which is slow (>1000ms)"}
{"timestamp": "2026-06-10T15:49:44.201811+00:00", "level": "INFO", "event": "request_completed", "request_id": "5697ccb0-382e-45be-ac3d-5f1590dc9357", "user_id": "5", "endpoint": "/api/current-prices", "method": "GET", "duration_ms": 1089.74, "status_code": 200, "error_type": null, "message": "HTTP GET /api/current-prices completed with status 200"}
{"timestamp": "2026-06-10T15:50:03.668787+00:00", "level": "CRITICAL", "event": "slow_request_detected", "request_id": "4e2a54f3-c42e-4a71-86d4-afeaa36f613b", "user_id": "5", "endpoint": "/api/evaluate-portfolio", "method": "POST", "duration_ms": 11038.22, "status_code": 200, "message": "Request took 11038.22ms which is critical (>5000ms)"}
{"timestamp": "2026-06-10T15:50:03.669791+00:00", "level": "INFO", "event": "request_completed", "request_id": "4e2a54f3-c42e-4a71-86d4-afeaa36f613b", "user_id": "5", "endpoint": "/api/evaluate-portfolio", "method": "POST", "duration_ms": 11038.22, "status_code": 200, "error_type": null, "message": "HTTP POST /api/evaluate-portfolio completed with status 200"}
{"timestamp": "2026-06-10T15:50:09.214040+00:00", "level": "INFO", "event": "request_completed", "request_id": "99c402b8-7afa-4624-95e6-9f40c2b5f3e4", "user_id": "5", "endpoint": "/api/chat/threads", "method": "GET", "duration_ms": 75.9, "status_code": 200, "error_type": null, "message": "HTTP GET /api/chat/threads completed with status 200"}
{"timestamp": "2026-06-10T15:50:09.351524+00:00", "level": "INFO", "event": "request_completed", "request_id": "30632f74-1b90-4a00-82a9-007f819f578e", "user_id": "5", "endpoint": "/api/chat/threads/10052/messages", "method": "GET", "duration_ms": 130.66, "status_code": 200, "error_type": null, "message": "HTTP GET /api/chat/threads/10052/messages completed with status 200"}
{"timestamp": "2026-06-10T15:50:20.017731+00:00", "level": "CRITICAL", "event": "slow_request_detected", "request_id": "b3598abf-188c-41a7-a5ff-5db2a39fb9da", "user_id": "5", "endpoint": "/api/news", "method": "GET", "duration_ms": 27374.18, "status_code": 200, "message": "Request took 27374.18ms which is critical (>5000ms)"}
{"timestamp": "2026-06-10T15:50:20.019156+00:00", "level": "INFO", "event": "request_completed", "request_id": "b3598abf-188c-41a7-a5ff-5db2a39fb9da", "user_id": "5", "endpoint": "/api/news", "method": "GET", "duration_ms": 27374.18, "status_code": 200, "error_type": null, "message": "HTTP GET /api/news completed with status 200"}
{"timestamp": "2026-06-10T15:50:20.229833+00:00", "level": "INFO", "event": "request_completed", "request_id": "d50d71a1-f99c-415f-954e-d064f62806f9", "user_id": "5", "endpoint": "/api/ai-advice", "method": "POST", "duration_ms": 35.42, "status_code": 200, "error_type": null, "message": "HTTP POST /api/ai-advice completed with status 200"}
{"timestamp": "2026-06-10T15:50:49.283260+00:00", "level": "INFO", "event": "request_completed", "request_id": "212ef8a3-557c-4253-969d-1962d7c2c17c", "user_id": "5", "endpoint": "/api/news", "method": "GET", "duration_ms": 16.35, "status_code": 200, "error_type": null, "message": "HTTP GET /api/news completed with status 200"}
{"timestamp": "2026-06-10T15:50:57.603066+00:00", "level": "CRITICAL", "event": "slow_request_detected", "request_id": "7881b072-34d9-44cf-9a3f-274f66642276", "user_id": "5", "endpoint": "/api/run-simulation", "method": "POST", "duration_ms": 8340.72, "status_code": 200, "message": "Request took 8340.72ms which is critical (>5000ms)"}
{"timestamp": "2026-06-10T15:50:57.605072+00:00", "level": "INFO", "event": "request_completed", "request_id": "7881b072-34d9-44cf-9a3f-274f66642276", "user_id": "5", "endpoint": "/api/run-simulation", "method": "POST", "duration_ms": 8340.72, "status_code": 200, "error_type": null, "message": "HTTP POST /api/run-simulation completed with status 200"}
{"timestamp": "2026-06-10T15:50:58.487904+00:00", "level": "INFO", "event": "request_completed", "request_id": "9a5c8937-017f-42fc-ba4a-82cf3ae928c4", "user_id": "5", "endpoint": "/api/ai-advice", "method": "POST", "duration_ms": 42.81, "status_code": 200, "error_type": null, "message": "HTTP POST /api/ai-advice completed with status 200"}
{"timestamp": "2026-06-10T15:51:20.888992+00:00", "level": "WARNING", "event": "slow_request_detected", "request_id": "99aba3b1-1843-4dea-a0ad-9848cc0a0bff", "endpoint": "/api/run-simulation", "method": "POST", "duration_ms": 4793.37, "status_code": 200, "message": "Request took 4793.37ms which is slow (>1000ms)"}
{"timestamp": "2026-06-10T15:51:20.890415+00:00", "level": "INFO", "event": "request_completed", "request_id": "99aba3b1-1843-4dea-a0ad-9848cc0a0bff", "endpoint": "/api/run-simulation", "method": "POST", "duration_ms": 4793.37, "status_code": 200, "error_type": null, "message": "HTTP POST /api/run-simulation completed with status 200"}
{"timestamp": "2026-06-10T15:51:21.703272+00:00", "level": "INFO", "event": "request_completed", "request_id": "cf4e1199-6bd4-48dd-b700-ed930384dee0", "endpoint": "/api/evaluate-portfolio", "method": "POST", "duration_ms": 800.36, "status_code": 200, "error_type": null, "message": "HTTP POST /api/evaluate-portfolio completed with status 200"}
{"timestamp": "2026-06-10T15:51:21.724703+00:00", "level": "INFO", "event": "request_completed", "request_id": "e4fc3bd8-bc2c-48b8-a582-4fa9a6728f3c", "endpoint": "/api/ai-advice", "method": "POST", "duration_ms": 9.53, "status_code": 200, "error_type": null, "message": "HTTP POST /api/ai-advice completed with status 200"}
{"timestamp": "2026-06-10T15:51:21.743328+00:00", "level": "INFO", "event": "analysis_started", "request_id": "c8430850-ed1", "tickers": ["TCB", "VNM"], "start_date": "2026-01-01", "end_date": "2026-01-10"}
{"timestamp": "2026-06-10T15:51:21.761523+00:00", "level": "INFO", "event": "analysis_completed", "request_id": "c8430850-ed1", "duration_ms": 0.04, "ticker_count": 2, "is_degraded": false, "benchmark_source": "VN30"}
{"timestamp": "2026-06-10T15:51:21.762542+00:00", "level": "INFO", "event": "request_completed", "request_id": "a966919e-ad7f-42c4-a313-027a0ce02642", "endpoint": "/api/quant/analyze", "method": "POST", "duration_ms": 27.74, "status_code": 200, "error_type": null, "message": "HTTP POST /api/quant/analyze completed with status 200"}
{"timestamp": "2026-06-10T15:51:21.772762+00:00", "level": "INFO", "event": "request_completed", "request_id": "3949d89a-b820-44c4-a29a-f502553ee510", "endpoint": "/api/quant/analyze", "method": "POST", "duration_ms": 2.2, "status_code": 400, "error_type": null, "message": "HTTP POST /api/quant/analyze completed with status 400"}
{"timestamp": "2026-06-10T15:51:21.781615+00:00", "level": "INFO", "event": "request_completed", "request_id": "fa2d126d-eccd-49f8-a219-004333a8642d", "endpoint": "/api/quant/analyze", "method": "POST", "duration_ms": 2.06, "status_code": 400, "error_type": null, "message": "HTTP POST /api/quant/analyze completed with status 400"}
{"timestamp": "2026-06-10T15:51:21.792186+00:00", "level": "INFO", "event": "analysis_started", "request_id": "5d1edf2f-7a8", "tickers": ["TCB"], "start_date": "2026-01-10", "end_date": "2026-01-01"}
{"timestamp": "2026-06-10T15:51:22.558278+00:00", "level": "INFO", "event": "request_completed", "request_id": "2ee95f05-069d-4652-9e2e-ab9f3432b90a", "endpoint": "/api/quant/analyze", "method": "POST", "duration_ms": 767.51, "status_code": 400, "error_type": null, "message": "HTTP POST /api/quant/analyze completed with status 400"}
{"timestamp": "2026-06-10T15:51:22.570874+00:00", "level": "INFO", "event": "analysis_started", "request_id": "9fedb322-225", "tickers": ["TCB"], "start_date": "2026-01-01", "end_date": "2026-01-10"}
{"timestamp": "2026-06-10T15:51:22.573112+00:00", "level": "INFO", "event": "request_completed", "request_id": "3fab070c-4e6a-4bc3-85f5-1ba2135063f4", "endpoint": "/api/quant/analyze", "method": "POST", "duration_ms": 5.04, "status_code": 400, "error_type": null, "message": "HTTP POST /api/quant/analyze completed with status 400"}
{"timestamp": "2026-06-10T15:51:22.608333+00:00", "level": "INFO", "event": "request_completed", "request_id": "6f117e4a-28b1-4d4b-9b90-ba3724df1904", "endpoint": "/api/health", "method": "GET", "duration_ms": 2.98, "status_code": 200, "error_type": null, "message": "HTTP GET /api/health completed with status 200"}
{"timestamp": "2026-06-10T15:51:22.990545+00:00", "level": "INFO", "event": "request_completed", "request_id": "868de24e-7c57-4aa1-86cf-1e3454894489", "endpoint": "/api/health/quant", "method": "GET", "duration_ms": 374.49, "status_code": 200, "error_type": null, "message": "HTTP GET /api/health/quant completed with status 200"}
{"timestamp": "2026-06-10T15:51:23.013827+00:00", "level": "INFO", "event": "analysis_started", "request_id": "test-id", "tickers": ["FPT"], "start_date": "2026-01-01", "end_date": "2026-12-31"}
{"timestamp": "2026-06-10T15:51:23.014349+00:00", "level": "INFO", "event": "analysis_completed", "request_id": "test-id", "duration_ms": 100.0, "ticker_count": 1, "is_degraded": false, "benchmark_source": "VN30"}
{"timestamp": "2026-06-10T15:51:23.014871+00:00", "level": "WARNING", "event": "retry_triggered", "request_id": "test-id", "attempt": 1, "max_retries": 2, "url": "test", "error": "timeout"}
{"timestamp": "2026-06-10T15:51:23.015394+00:00", "level": "WARNING", "event": "benchmark_fallback", "request_id": "test-id", "failed_source": "VN30", "fallback_source": "VNINDEX"}
{"timestamp": "2026-06-10T15:51:23.016433+00:00", "level": "ERROR", "event": "exception_raised", "request_id": "test-id", "error_code": "TEST_ERROR", "message": "test message", "details": null}
{"timestamp": "2026-06-10T15:51:23.028674+00:00", "level": "WARNING", "event": "retry_triggered", "request_id": "test", "attempt": 1, "max_retries": 2, "url": "stock/FPT", "error": "Network error"}
{"timestamp": "2026-06-10T15:51:24.030300+00:00", "level": "WARNING", "event": "retry_triggered", "request_id": "test", "attempt": 2, "max_retries": 2, "url": "stock/FPT", "error": "Network error"}
{"timestamp": "2026-06-10T15:51:26.032081+00:00", "level": "ERROR", "event": "exception_raised", "request_id": "test", "error_code": "DATA_FETCH_ERROR", "message": "Failed to fetch FPT after 3 attempts", "details": {"ticker": "FPT", "last_error": "Network error"}}
{"timestamp": "2026-06-10T15:51:26.036350+00:00", "level": "WARNING", "event": "benchmark_fallback", "request_id": "test", "failed_source": "VN30", "fallback_source": "VNINDEX"}
{"timestamp": "2026-06-10T15:51:26.037388+00:00", "level": "WARNING", "event": "benchmark_fallback", "request_id": "test", "failed_source": "VNINDEX", "fallback_source": "NONE"}
{"timestamp": "2026-06-10T15:51:26.051573+00:00", "level": "INFO", "event": "request_completed", "request_id": "728e36c9-c975-4f45-a61a-f9491d6beb14", "endpoint": "/api/auth/login", "method": "POST", "duration_ms": 8.63, "status_code": 422, "error_type": null, "message": "HTTP POST /api/auth/login completed with status 422"}
{"timestamp": "2026-06-10T15:51:26.061041+00:00", "level": "INFO", "event": "request_completed", "request_id": "b4b3e2a2-2f9e-459c-8027-9141e775d68d", "endpoint": "/api/quant/analyze", "method": "POST", "duration_ms": 1.85, "status_code": 400, "error_type": null, "message": "HTTP POST /api/quant/analyze completed with status 400"}
{"timestamp": "2026-06-10T15:51:26.071296+00:00", "level": "INFO", "event": "request_completed", "request_id": "d5b61e8f-a075-475a-9452-3da269a32258", "endpoint": "/api/health", "method": "GET", "duration_ms": 1.54, "status_code": 200, "error_type": null, "message": "HTTP GET /api/health completed with status 200"}
{"timestamp": "2026-06-10T15:51:26.079808+00:00", "level": "INFO", "event": "analysis_started", "request_id": "2dbc8f10-eec", "tickers": ["TCB", "VNM"], "start_date": "2026-01-01", "end_date": "2026-01-10"}
{"timestamp": "2026-06-10T15:51:26.086707+00:00", "level": "INFO", "event": "analysis_completed", "request_id": "2dbc8f10-eec", "duration_ms": 0.07, "ticker_count": 2, "is_degraded": false, "benchmark_source": "VN30"}
{"timestamp": "2026-06-10T15:51:26.087771+00:00", "level": "INFO", "event": "request_completed", "request_id": "8d507578-31b9-4916-bdb4-de1c8039a82b", "endpoint": "/api/quant/analyze", "method": "POST", "duration_ms": 9.69, "status_code": 200, "error_type": null, "message": "HTTP POST /api/quant/analyze completed with status 200"}
{"timestamp": "2026-06-10T15:51:26.098628+00:00", "level": "INFO", "event": "analysis_started", "request_id": "e5e3b92f-245", "tickers": ["FPT"], "start_date": "2026-01-01", "end_date": "2026-01-10"}
{"timestamp": "2026-06-10T15:51:26.102813+00:00", "level": "INFO", "event": "analysis_completed", "request_id": "e5e3b92f-245", "duration_ms": 0.04, "ticker_count": 1, "is_degraded": true, "benchmark_source": "NONE"}
{"timestamp": "2026-06-10T15:51:26.104248+00:00", "level": "INFO", "event": "request_completed", "request_id": "dcfc6384-b4c0-47fe-8645-c5d0c10b2184", "endpoint": "/api/quant/analyze", "method": "POST", "duration_ms": 8.94, "status_code": 200, "error_type": null, "message": "HTTP POST /api/quant/analyze completed with status 200"}
{"timestamp": "2026-06-10T15:51:26.111424+00:00", "level": "INFO", "event": "request_completed", "request_id": "dfe36979-cb60-4cb5-9823-366b32919f28", "endpoint": "/api/quant/analyze", "method": "POST", "duration_ms": 1.71, "status_code": 400, "error_type": null, "message": "HTTP POST /api/quant/analyze completed with status 400"}
{"timestamp": "2026-06-10T15:51:26.122352+00:00", "level": "INFO", "event": "analysis_started", "request_id": "314a4218-347", "tickers": ["FPT"], "start_date": "2026-01-10", "end_date": "2026-01-01"}
{"timestamp": "2026-06-10T15:51:26.523950+00:00", "level": "INFO", "event": "request_completed", "request_id": "040133de-8144-43a6-bc04-6c8d73d448dd", "endpoint": "/api/quant/analyze", "method": "POST", "duration_ms": 404.57, "status_code": 400, "error_type": null, "message": "HTTP POST /api/quant/analyze completed with status 400"}
{"timestamp": "2026-06-10T15:51:26.538888+00:00", "level": "INFO", "event": "request_completed", "request_id": "b5a81077-f0f5-4abb-94df-3f1c1645ef17", "endpoint": "/api/quant/analyze", "method": "POST", "duration_ms": 4.63, "status_code": 400, "error_type": null, "message": "HTTP POST /api/quant/analyze completed with status 400"}
{"timestamp": "2026-06-10T15:51:26.567922+00:00", "level": "INFO", "event": "request_completed", "request_id": "d6dc5ce7-01c7-4a08-b6da-a10dac2b36dc", "endpoint": "/api/quant/backtest", "method": "POST", "duration_ms": 15.05, "status_code": 200, "error_type": null, "message": "HTTP POST /api/quant/backtest completed with status 200"}
{"timestamp": "2026-06-10T15:51:26.579985+00:00", "level": "INFO", "event": "request_completed", "request_id": "4e809d6e-eb84-4763-95a9-9b165f5baffb", "endpoint": "/api/quant/backtest", "method": "POST", "duration_ms": 2.78, "status_code": 400, "error_type": null, "message": "HTTP POST /api/quant/backtest completed with status 400"}
{"timestamp": "2026-06-10T15:51:26.592465+00:00", "level": "INFO", "event": "request_completed", "request_id": "c35f3359-a384-4858-adca-6643a8f09293", "endpoint": "/api/quant/backtest", "method": "POST", "duration_ms": 2.5, "status_code": 400, "error_type": null, "message": "HTTP POST /api/quant/backtest completed with status 400"}
{"timestamp": "2026-06-10T15:51:26.605596+00:00", "level": "INFO", "event": "request_completed", "request_id": "0dfda020-36b0-48f2-8fea-d240847f5e40", "endpoint": "/api/quant/backtest", "method": "POST", "duration_ms": 4.13, "status_code": 400, "error_type": null, "message": "HTTP POST /api/quant/backtest completed with status 400"}
{"timestamp": "2026-06-10T15:51:26.620819+00:00", "level": "INFO", "event": "request_completed", "request_id": "b61e6453-c626-4e81-be0a-1b2c47e3e8fe", "endpoint": "/api/quant/backtest", "method": "POST", "duration_ms": 5.92, "status_code": 400, "error_type": null, "message": "HTTP POST /api/quant/backtest completed with status 400"}
{"timestamp": "2026-06-10T15:51:26.632875+00:00", "level": "INFO", "event": "request_completed", "request_id": "b4b6498c-ec2b-45b1-991e-20af2bdbbba0", "endpoint": "/api/quant/backtest", "method": "POST", "duration_ms": 3.4, "status_code": 400, "error_type": null, "message": "HTTP POST /api/quant/backtest completed with status 400"}
{"timestamp": "2026-06-10T15:51:26.641783+00:00", "level": "INFO", "event": "request_completed", "request_id": "d339ae35-2c10-4051-83b3-120fa0854c34", "endpoint": "/api/quant/backtest", "method": "POST", "duration_ms": 2.36, "status_code": 400, "error_type": null, "message": "HTTP POST /api/quant/backtest completed with status 400"}
{"timestamp": "2026-06-10T15:51:26.654412+00:00", "level": "INFO", "event": "request_completed", "request_id": "a1efb430-0fb1-4e74-83bd-31b0986744ff", "endpoint": "/api/quant/backtest", "method": "POST", "duration_ms": 2.14, "status_code": 400, "error_type": null, "message": "HTTP POST /api/quant/backtest completed with status 400"}
{"timestamp": "2026-06-10T15:51:26.664973+00:00", "level": "INFO", "event": "request_completed", "request_id": "a61a3367-6d64-4bd9-9b45-85ebdc138a15", "endpoint": "/api/quant/backtest", "method": "POST", "duration_ms": 2.97, "status_code": 400, "error_type": null, "message": "HTTP POST /api/quant/backtest completed with status 400"}
{"timestamp": "2026-06-10T15:51:26.688243+00:00", "level": "INFO", "event": "request_completed", "request_id": "c7474eb5-8f2f-437b-a3dd-40142e4b37de", "endpoint": "/api/quant/backtest", "method": "POST", "duration_ms": 9.55, "status_code": 200, "error_type": null, "message": "HTTP POST /api/quant/backtest completed with status 200"}
{"timestamp": "2026-06-10T15:51:26.707579+00:00", "level": "INFO", "event": "request_completed", "request_id": "9e88f4ab-df93-4b1a-aa30-18b693b10d97", "endpoint": "/api/quant/optimize", "method": "POST", "duration_ms": 7.0, "status_code": 400, "error_type": null, "message": "HTTP POST /api/quant/optimize completed with status 400"}
{"timestamp": "2026-06-10T15:51:26.719486+00:00", "level": "INFO", "event": "request_completed", "request_id": "d00934f3-9f4b-442b-b513-c793e549ac12", "endpoint": "/api/quant/optimize", "method": "POST", "duration_ms": 2.78, "status_code": 400, "error_type": null, "message": "HTTP POST /api/quant/optimize completed with status 400"}
{"timestamp": "2026-06-10T15:51:26.734659+00:00", "level": "INFO", "event": "request_completed", "request_id": "1de7b6d7-6164-45ce-a128-1f11b30ff114", "endpoint": "/api/quant/optimize", "method": "POST", "duration_ms": 4.51, "status_code": 400, "error_type": null, "message": "HTTP POST /api/quant/optimize completed with status 400"}
{"timestamp": "2026-06-10T15:51:26.800037+00:00", "level": "INFO", "event": "request_completed", "request_id": "be2d82d0-b09f-451d-8921-1e84d4c77a1c", "user_id": "5", "endpoint": "/api/auth/me", "method": "GET", "duration_ms": 23.42, "status_code": 200, "error_type": null, "message": "HTTP GET /api/auth/me completed with status 200"}
{"timestamp": "2026-06-10T15:51:26.823555+00:00", "level": "INFO", "event": "request_completed", "request_id": "e6512383-f1cd-4597-851b-d9d4718a1b64", "user_id": "5", "endpoint": "/api/system/health", "method": "GET", "duration_ms": 2.74, "status_code": 200, "error_type": null, "message": "HTTP GET /api/system/health completed with status 200"}
{"timestamp": "2026-06-10T15:51:28.169440+00:00", "level": "WARNING", "event": "slow_request_detected", "request_id": "7395cbee-cb3a-4453-8b5e-aa79c71c4d7d", "user_id": "5", "endpoint": "/api/portfolios/13/performance", "method": "GET", "duration_ms": 1384.81, "status_code": 200, "message": "Request took 1384.81ms which is slow (>1000ms)"}
{"timestamp": "2026-06-10T15:51:28.170445+00:00", "level": "INFO", "event": "request_completed", "request_id": "7395cbee-cb3a-4453-8b5e-aa79c71c4d7d", "user_id": "5", "endpoint": "/api/portfolios/13/performance", "method": "GET", "duration_ms": 1384.81, "status_code": 200, "error_type": null, "message": "HTTP GET /api/portfolios/13/performance completed with status 200"}
{"timestamp": "2026-06-10T15:51:28.301897+00:00", "level": "ERROR", "event": "exception_raised", "request_id": "21e990ce-060", "error_code": "VALIDATION_ERROR", "message": "Constraints are infeasible: min_weight (0.4) * number of symbols (3) > 1.0", "details": null}
{"timestamp": "2026-06-10T15:51:28.303907+00:00", "level": "WARNING", "event": "slow_request_detected", "request_id": "9df5d6be-7267-4da4-b4be-b145daba899d", "endpoint": "/api/quant/optimize", "method": "POST", "duration_ms": 1561.2, "status_code": 400, "message": "Request took 1561.20ms which is slow (>1000ms)"}
{"timestamp": "2026-06-10T15:51:28.304911+00:00", "level": "INFO", "event": "request_completed", "request_id": "9df5d6be-7267-4da4-b4be-b145daba899d", "endpoint": "/api/quant/optimize", "method": "POST", "duration_ms": 1561.2, "status_code": 400, "error_type": null, "message": "HTTP POST /api/quant/optimize completed with status 400"}
{"timestamp": "2026-06-10T15:51:28.313703+00:00", "level": "INFO", "event": "request_completed", "request_id": "af43d71c-c7c9-4c35-ba49-dab3ee015fe8", "endpoint": "/api/quant/optimize", "method": "POST", "duration_ms": 2.69, "status_code": 400, "error_type": null, "message": "HTTP POST /api/quant/optimize completed with status 400"}
{"timestamp": "2026-06-10T15:51:28.326974+00:00", "level": "INFO", "event": "request_completed", "request_id": "97f65f64-0e28-4b55-ad67-71a5bcb7dea4", "endpoint": "/api/quant/optimize", "method": "POST", "duration_ms": 3.04, "status_code": 400, "error_type": null, "message": "HTTP POST /api/quant/optimize completed with status 400"}
{"timestamp": "2026-06-10T15:51:28.418874+00:00", "level": "INFO", "event": "request_completed", "request_id": "5dba97c5-ff8a-424f-a0d0-fe0c79fbe57d", "endpoint": "/api/quant/optimize", "method": "POST", "duration_ms": 80.4, "status_code": 200, "error_type": null, "message": "HTTP POST /api/quant/optimize completed with status 200"}
{"timestamp": "2026-06-10T15:51:28.504800+00:00", "level": "INFO", "event": "request_completed", "request_id": "cc0b358a-ea88-4ccc-8d04-555ed6c4d11d", "endpoint": "/api/quant/optimize", "method": "POST", "duration_ms": 77.92, "status_code": 200, "error_type": null, "message": "HTTP POST /api/quant/optimize completed with status 200"}
{"timestamp": "2026-06-10T15:51:28.594378+00:00", "level": "INFO", "event": "request_completed", "request_id": "f00c4f41-3dc2-447d-8077-ba4d761c004e", "endpoint": "/api/quant/optimize", "method": "POST", "duration_ms": 82.5, "status_code": 200, "error_type": null, "message": "HTTP POST /api/quant/optimize completed with status 200"}
{"timestamp": "2026-06-10T15:51:28.676788+00:00", "level": "INFO", "event": "request_completed", "request_id": "c387e352-a15a-4832-9ad2-02eb2245bb75", "endpoint": "/api/quant/optimize", "method": "POST", "duration_ms": 71.4, "status_code": 200, "error_type": null, "message": "HTTP POST /api/quant/optimize completed with status 200"}
{"timestamp": "2026-06-10T15:51:28.776075+00:00", "level": "INFO", "event": "request_completed", "request_id": "e6f9e734-bdd2-479b-8dc9-6d7ddd7b128c", "endpoint": "/api/quant/optimize", "method": "POST", "duration_ms": 91.13, "status_code": 200, "error_type": null, "message": "HTTP POST /api/quant/optimize completed with status 200"}
{"timestamp": "2026-06-10T15:51:28.863131+00:00", "level": "INFO", "event": "request_completed", "request_id": "849f8bf2-85a0-4dcf-b5e7-51d5999fcc34", "endpoint": "/api/quant/optimize-and-backtest", "method": "POST", "duration_ms": 75.68, "status_code": 200, "error_type": null, "message": "HTTP POST /api/quant/optimize-and-backtest completed with status 200"}
{"timestamp": "2026-06-10T15:51:28.879890+00:00", "level": "INFO", "event": "request_completed", "request_id": "6a4b907d-e76a-4446-9c90-3509a4692529", "endpoint": "/api/ai/research", "method": "POST", "duration_ms": 5.94, "status_code": 200, "error_type": null, "message": "HTTP POST /api/ai/research completed with status 200"}
{"timestamp": "2026-06-10T15:51:28.888719+00:00", "level": "INFO", "event": "request_completed", "request_id": "4781994c-d886-4694-9e22-e0fe12ceac1b", "endpoint": "/api/ai/research", "method": "POST", "duration_ms": 2.18, "status_code": 200, "error_type": null, "message": "HTTP POST /api/ai/research completed with status 200"}
{"timestamp": "2026-06-10T15:51:29.019170+00:00", "level": "INFO", "event": "request_completed", "request_id": "6fe0dc79-a377-454c-b5ec-00acfdf2a980", "user_id": "5", "endpoint": "/api/auth/me", "method": "GET", "duration_ms": 5.9, "status_code": 200, "error_type": null, "message": "HTTP GET /api/auth/me completed with status 200"}
{"timestamp": "2026-06-10T15:51:29.043738+00:00", "level": "INFO", "event": "request_completed", "request_id": "ce1dcb2b-e27a-4038-8292-bac47f0455cd", "user_id": "5", "endpoint": "/api/system/health", "method": "GET", "duration_ms": 2.21, "status_code": 200, "error_type": null, "message": "HTTP GET /api/system/health completed with status 200"}
{"timestamp": "2026-06-10T15:51:36.685060+00:00", "level": "WARNING", "event": "slow_request_detected", "request_id": "f9812d18-3897-4f5b-8d65-aa83807165e6", "user_id": "5", "endpoint": "/api/optimization/optimize", "method": "POST", "duration_ms": 1062.14, "status_code": 200, "message": "Request took 1062.14ms which is slow (>1000ms)"}
{"timestamp": "2026-06-10T15:51:36.686064+00:00", "level": "INFO", "event": "request_completed", "request_id": "f9812d18-3897-4f5b-8d65-aa83807165e6", "user_id": "5", "endpoint": "/api/optimization/optimize", "method": "POST", "duration_ms": 1062.14, "status_code": 200, "error_type": null, "message": "HTTP POST /api/optimization/optimize completed with status 200"}
{"timestamp": "2026-06-10T15:51:36.762829+00:00", "level": "INFO", "event": "request_completed", "request_id": "5a8d1c39-6d00-4310-bf02-070a8633a48c", "user_id": "5", "endpoint": "/api/ai-advice", "method": "POST", "duration_ms": 30.75, "status_code": 200, "error_type": null, "message": "HTTP POST /api/ai-advice completed with status 200"}
{"timestamp": "2026-06-10T15:51:39.293290+00:00", "level": "CRITICAL", "event": "slow_request_detected", "request_id": "43bb5d26-2790-4d7f-8582-18fa0097d01b", "endpoint": "/api/ai/research", "method": "POST", "duration_ms": 10398.93, "status_code": 200, "message": "Request took 10398.93ms which is critical (>5000ms)"}
{"timestamp": "2026-06-10T15:51:39.295298+00:00", "level": "INFO", "event": "request_completed", "request_id": "43bb5d26-2790-4d7f-8582-18fa0097d01b", "endpoint": "/api/ai/research", "method": "POST", "duration_ms": 10398.93, "status_code": 200, "error_type": null, "message": "HTTP POST /api/ai/research completed with status 200"}
{"timestamp": "2026-06-10T15:51:39.308127+00:00", "level": "INFO", "event": "request_completed", "request_id": "f8090cdb-8b58-447b-889a-5c229d3c4e07", "endpoint": "/api/ai/research", "method": "POST", "duration_ms": 4.6, "status_code": 400, "error_type": null, "message": "HTTP POST /api/ai/research completed with status 400"}
{"timestamp": "2026-06-10T15:51:39.400270+00:00", "level": "INFO", "event": "request_completed", "request_id": "869c7354-41af-4ad0-ab56-4ed621d34bdd", "endpoint": "/api/ai/research/export-docx", "method": "POST", "duration_ms": 86.21, "status_code": 200, "error_type": null, "message": "HTTP POST /api/ai/research/export-docx completed with status 200"}
{"timestamp": "2026-06-10T15:51:39.435686+00:00", "level": "INFO", "event": "request_completed", "request_id": "facac7e4-bbf8-4e10-9d86-cd20a2e7a89e", "endpoint": "/api/health", "method": "GET", "duration_ms": 1.17, "status_code": 200, "error_type": null, "message": "HTTP GET /api/health completed with status 200"}
{"timestamp": "2026-06-10T15:51:39.444176+00:00", "level": "INFO", "event": "request_completed", "request_id": "test-propagate-123", "endpoint": "/api/health", "method": "GET", "duration_ms": 2.09, "status_code": 200, "error_type": null, "message": "HTTP GET /api/health completed with status 200"}
{"timestamp": "2026-06-10T15:51:39.454826+00:00", "level": "INFO", "event": "request_completed", "request_id": "d4c1b9d1-9680-4012-b194-a5c5259da22a", "endpoint": "/api/health/liveness", "method": "GET", "duration_ms": 2.17, "status_code": 200, "error_type": null, "message": "HTTP GET /api/health/liveness completed with status 200"}
{"timestamp": "2026-06-10T15:51:39.467371+00:00", "level": "INFO", "event": "request_completed", "request_id": "4365c732-f6da-464c-8818-b26113f766c4", "endpoint": "/api/health/readiness", "method": "GET", "duration_ms": 2.94, "status_code": 200, "error_type": null, "message": "HTTP GET /api/health/readiness completed with status 200"}
{"timestamp": "2026-06-10T15:51:39.480499+00:00", "level": "INFO", "event": "request_completed", "request_id": "e9e8bcdc-8e50-4452-a295-c484df4a289b", "endpoint": "/api/health/dependencies", "method": "GET", "duration_ms": 7.35, "status_code": 200, "error_type": null, "message": "HTTP GET /api/health/dependencies completed with status 200"}
{"timestamp": "2026-06-10T15:51:39.574064+00:00", "level": "INFO", "event": "request_completed", "request_id": "8a127222-5e6e-4c8f-9d3e-85a564d6a8dc", "user_id": "5", "endpoint": "/api/auth/me", "method": "GET", "duration_ms": 11.64, "status_code": 200, "error_type": null, "message": "HTTP GET /api/auth/me completed with status 200"}
{"timestamp": "2026-06-10T15:51:39.590635+00:00", "level": "INFO", "event": "request_completed", "request_id": "4a743147-9ae3-4cf4-94de-cd316621a5b7", "user_id": "5", "endpoint": "/api/system/health", "method": "GET", "duration_ms": 2.26, "status_code": 200, "error_type": null, "message": "HTTP GET /api/system/health completed with status 200"}
{"timestamp": "2026-06-10T15:51:40.989410+00:00", "level": "INFO", "event": "analysis_started", "request_id": "ee18f1d5-67a", "user_id": 5, "tickers": ["SHS", "SSI", "VIB"], "start_date": "2025-06-10", "end_date": "2026-06-10"}
{"timestamp": "2026-06-10T15:51:42.557368+00:00", "level": "INFO", "event": "analysis_completed", "request_id": "ee18f1d5-67a", "user_id": 5, "duration_ms": 1560.67, "ticker_count": 3, "is_degraded": false, "benchmark_source": "VN30"}
{"timestamp": "2026-06-10T15:51:42.560384+00:00", "level": "WARNING", "event": "slow_request_detected", "request_id": "06e54bd5-b153-47f1-86cf-2441d7b3e12f", "user_id": "5", "endpoint": "/api/quant/analyze", "method": "POST", "duration_ms": 1579.53, "status_code": 200, "message": "Request took 1579.53ms which is slow (>1000ms)"}
{"timestamp": "2026-06-10T15:51:42.561420+00:00", "level": "INFO", "event": "request_completed", "request_id": "06e54bd5-b153-47f1-86cf-2441d7b3e12f", "user_id": "5", "endpoint": "/api/quant/analyze", "method": "POST", "duration_ms": 1579.53, "status_code": 200, "error_type": null, "message": "HTTP POST /api/quant/analyze completed with status 200"}
{"timestamp": "2026-06-10T15:51:45.405760+00:00", "level": "INFO", "event": "request_completed", "request_id": "384ba4e7-ed6f-43c1-a3af-b3ee72793394", "user_id": "5", "endpoint": "/api/auth/me", "method": "GET", "duration_ms": 8.25, "status_code": 200, "error_type": null, "message": "HTTP GET /api/auth/me completed with status 200"}
{"timestamp": "2026-06-10T15:51:45.459742+00:00", "level": "INFO", "event": "request_completed", "request_id": "5508a203-19d8-4a6e-8159-1fbdccb0d234", "user_id": "5", "endpoint": "/api/system/health", "method": "GET", "duration_ms": 3.22, "status_code": 200, "error_type": null, "message": "HTTP GET /api/system/health completed with status 200"}
{"timestamp": "2026-06-10T15:51:49.934506+00:00", "level": "WARNING", "event": "slow_request_detected", "request_id": "8e47722c-99c8-42bc-97de-e5d687a12f5f", "user_id": "5", "endpoint": "/api/quant/backtest", "method": "POST", "duration_ms": 1915.55, "status_code": 200, "message": "Request took 1915.55ms which is slow (>1000ms)"}
{"timestamp": "2026-06-10T15:51:49.935511+00:00", "level": "INFO", "event": "request_completed", "request_id": "8e47722c-99c8-42bc-97de-e5d687a12f5f", "user_id": "5", "endpoint": "/api/quant/backtest", "method": "POST", "duration_ms": 1915.55, "status_code": 200, "error_type": null, "message": "HTTP POST /api/quant/backtest completed with status 200"}
{"timestamp": "2026-06-10T15:51:52.151442+00:00", "level": "INFO", "event": "request_completed", "request_id": "865d61d8-e46d-42c2-b897-90ba5cc4eae3", "user_id": "5", "endpoint": "/api/auth/me", "method": "GET", "duration_ms": 7.5, "status_code": 200, "error_type": null, "message": "HTTP GET /api/auth/me completed with status 200"}
{"timestamp": "2026-06-10T15:51:52.173544+00:00", "level": "INFO", "event": "request_completed", "request_id": "8d49d4c6-b6b0-4c02-9201-47bcad11aae5", "user_id": "5", "endpoint": "/api/system/health", "method": "GET", "duration_ms": 2.53, "status_code": 200, "error_type": null, "message": "HTTP GET /api/system/health completed with status 200"}
{"timestamp": "2026-06-10T15:51:59.037362+00:00", "level": "WARNING", "event": "slow_request_detected", "request_id": "320c2173-8f93-4d40-9790-9d17053db474", "user_id": "5", "endpoint": "/api/quant/optimize", "method": "POST", "duration_ms": 1400.16, "status_code": 200, "message": "Request took 1400.16ms which is slow (>1000ms)"}
{"timestamp": "2026-06-10T15:51:59.038921+00:00", "level": "INFO", "event": "request_completed", "request_id": "320c2173-8f93-4d40-9790-9d17053db474", "user_id": "5", "endpoint": "/api/quant/optimize", "method": "POST", "duration_ms": 1400.16, "status_code": 200, "error_type": null, "message": "HTTP POST /api/quant/optimize completed with status 200"}
{"timestamp": "2026-06-10T15:52:11.675432+00:00", "level": "WARNING", "event": "slow_request_detected", "request_id": "e22b1d93-ee1a-4d02-b6fc-221b768a0bb9", "user_id": "5", "endpoint": "/api/system/health", "method": "GET", "duration_ms": 1424.53, "status_code": 200, "message": "Request took 1424.53ms which is slow (>1000ms)"}
{"timestamp": "2026-06-10T15:52:11.676559+00:00", "level": "INFO", "event": "request_completed", "request_id": "e22b1d93-ee1a-4d02-b6fc-221b768a0bb9", "user_id": "5", "endpoint": "/api/system/health", "method": "GET", "duration_ms": 1424.53, "status_code": 200, "error_type": null, "message": "HTTP GET /api/system/health completed with status 200"}
{"timestamp": "2026-06-10T15:52:11.689903+00:00", "level": "INFO", "event": "request_completed", "request_id": "5f2b47bf-8a48-4af5-8b7f-b49d2758bf38", "user_id": "5", "endpoint": "/api/system/health", "method": "GET", "duration_ms": 7.45, "status_code": 200, "error_type": null, "message": "HTTP GET /api/system/health completed with status 200"}
{"timestamp": "2026-06-10T15:52:11.715450+00:00", "level": "INFO", "event": "request_completed", "request_id": "aa46b214-67b1-4230-bba0-1c64fdbb96b5", "user_id": "5", "endpoint": "/api/system/health", "method": "GET", "duration_ms": 6.34, "status_code": 200, "error_type": null, "message": "HTTP GET /api/system/health completed with status 200"}
{"timestamp": "2026-06-10T15:52:11.720480+00:00", "level": "WARNING", "event": "slow_request_detected", "request_id": "358d0a24-03cf-4d51-b04a-12f5ea336a2c", "user_id": "5", "endpoint": "/api/auth/me", "method": "GET", "duration_ms": 1468.92, "status_code": 200, "message": "Request took 1468.92ms which is slow (>1000ms)"}
{"timestamp": "2026-06-10T15:52:11.722407+00:00", "level": "INFO", "event": "request_completed", "request_id": "358d0a24-03cf-4d51-b04a-12f5ea336a2c", "user_id": "5", "endpoint": "/api/auth/me", "method": "GET", "duration_ms": 1468.92, "status_code": 200, "error_type": null, "message": "HTTP GET /api/auth/me completed with status 200"}
{"timestamp": "2026-06-10T15:52:11.736299+00:00", "level": "INFO", "event": "request_completed", "request_id": "5d5884b9-9373-4cb7-a02f-8aed637ef6ce", "user_id": "5", "endpoint": "/api/auth/me", "method": "GET", "duration_ms": 10.67, "status_code": 200, "error_type": null, "message": "HTTP GET /api/auth/me completed with status 200"}
{"timestamp": "2026-06-10T15:52:11.742605+00:00", "level": "INFO", "event": "request_completed", "request_id": "ba23a6ff-435e-4b2a-8684-2344ad898d52", "user_id": "5", "endpoint": "/api/auth/me", "method": "GET", "duration_ms": 2.98, "status_code": 200, "error_type": null, "message": "HTTP GET /api/auth/me completed with status 200"}
{"timestamp": "2026-06-10T15:52:11.758548+00:00", "level": "WARNING", "event": "slow_request_detected", "request_id": "87bf7f16-d0ac-4321-8237-5c1cec8d0ccc", "user_id": "5", "endpoint": "/api/chat/threads", "method": "GET", "duration_ms": 1506.42, "status_code": 200, "message": "Request took 1506.42ms which is slow (>1000ms)"}
{"timestamp": "2026-06-10T15:52:11.759577+00:00", "level": "INFO", "event": "request_completed", "request_id": "87bf7f16-d0ac-4321-8237-5c1cec8d0ccc", "user_id": "5", "endpoint": "/api/chat/threads", "method": "GET", "duration_ms": 1506.42, "status_code": 200, "error_type": null, "message": "HTTP GET /api/chat/threads completed with status 200"}
{"timestamp": "2026-06-10T15:52:11.813507+00:00", "level": "WARNING", "event": "slow_request_detected", "request_id": "2f22b973-ca94-4afe-a6f8-23e7b5fd61b1", "user_id": "5", "endpoint": "/api/system/reports", "method": "GET", "duration_ms": 1310.18, "status_code": 200, "message": "Request took 1310.18ms which is slow (>1000ms)"}
{"timestamp": "2026-06-10T15:52:11.814511+00:00", "level": "INFO", "event": "request_completed", "request_id": "2f22b973-ca94-4afe-a6f8-23e7b5fd61b1", "user_id": "5", "endpoint": "/api/system/reports", "method": "GET", "duration_ms": 1310.18, "status_code": 200, "error_type": null, "message": "HTTP GET /api/system/reports completed with status 200"}
{"timestamp": "2026-06-10T15:52:14.446462+00:00", "level": "INFO", "event": "request_completed", "request_id": "ed1a4831-9903-4333-9686-14444310769d", "user_id": "5", "endpoint": "/api/auth/me", "method": "GET", "duration_ms": 8.21, "status_code": 200, "error_type": null, "message": "HTTP GET /api/auth/me completed with status 200"}
{"timestamp": "2026-06-10T15:52:14.467262+00:00", "level": "INFO", "event": "request_completed", "request_id": "b3c4cfcb-e0f9-45bd-8539-7caf084f4b13", "user_id": "5", "endpoint": "/api/system/health", "method": "GET", "duration_ms": 1.76, "status_code": 200, "error_type": null, "message": "HTTP GET /api/system/health completed with status 200"}
{"timestamp": "2026-06-10T15:52:15.593253+00:00", "level": "INFO", "event": "request_completed", "request_id": "6f2dc413-7878-497d-9eb5-9abeb1a49f97", "user_id": "5", "endpoint": "/api/auth/me", "method": "GET", "duration_ms": 4.57, "status_code": 200, "error_type": null, "message": "HTTP GET /api/auth/me completed with status 200"}
{"timestamp": "2026-06-10T15:52:15.607525+00:00", "level": "INFO", "event": "request_completed", "request_id": "003a3d6b-0f17-4c67-b93a-14d776b16d58", "user_id": "5", "endpoint": "/api/system/health", "method": "GET", "duration_ms": 2.0, "status_code": 200, "error_type": null, "message": "HTTP GET /api/system/health completed with status 200"}
{"timestamp": "2026-06-10T15:52:21.230424+00:00", "level": "INFO", "event": "request_completed", "request_id": "f2ba2159-ebc7-4719-baaa-af267fdc8fe0", "user_id": "5", "endpoint": "/api/auth/me", "method": "GET", "duration_ms": 22.99, "status_code": 200, "error_type": null, "message": "HTTP GET /api/auth/me completed with status 200"}
{"timestamp": "2026-06-10T15:52:21.235502+00:00", "level": "INFO", "event": "request_completed", "request_id": "142a4d3a-f804-49b9-8868-a5e0b60734c6", "user_id": "5", "endpoint": "/api/chat/threads", "method": "GET", "duration_ms": 22.14, "status_code": 200, "error_type": null, "message": "HTTP GET /api/chat/threads completed with status 200"}
{"timestamp": "2026-06-10T15:52:21.237011+00:00", "level": "INFO", "event": "request_completed", "request_id": "52a45109-dadc-4288-ae0a-aa4269362185", "user_id": "5", "endpoint": "/api/system/health", "method": "GET", "duration_ms": 7.08, "status_code": 200, "error_type": null, "message": "HTTP GET /api/system/health completed with status 200"}
{"timestamp": "2026-06-10T15:52:21.379812+00:00", "level": "INFO", "event": "request_completed", "request_id": "5a7dcf98-f6ee-4e25-a0d1-6c0dc197da79", "user_id": "5", "endpoint": "/api/chat/threads/10052/messages", "method": "GET", "duration_ms": 137.93, "status_code": 200, "error_type": null, "message": "HTTP GET /api/chat/threads/10052/messages completed with status 200"}
{"timestamp": "2026-06-10T15:52:24.177221+00:00", "level": "INFO", "event": "request_completed", "request_id": "3adfcab4-4e81-4c77-903c-6f6e7e9e8658", "user_id": "5", "endpoint": "/api/auth/me", "method": "GET", "duration_ms": 11.66, "status_code": 200, "error_type": null, "message": "HTTP GET /api/auth/me completed with status 200"}
{"timestamp": "2026-06-10T15:52:24.184739+00:00", "level": "INFO", "event": "request_completed", "request_id": "4c28db65-17a3-4544-9adc-7e9db2a603b8", "user_id": "5", "endpoint": "/api/system/health", "method": "GET", "duration_ms": 2.29, "status_code": 200, "error_type": null, "message": "HTTP GET /api/system/health completed with status 200"}
{"timestamp": "2026-06-10T15:52:24.186753+00:00", "level": "INFO", "event": "request_completed", "request_id": "db047a6b-2488-415d-b09f-09386881fa28", "user_id": "5", "endpoint": "/api/system/reports", "method": "GET", "duration_ms": 12.77, "status_code": 200, "error_type": null, "message": "HTTP GET /api/system/reports completed with status 200"}
{"timestamp": "2026-06-10T15:52:25.844642+00:00", "level": "INFO", "event": "request_completed", "request_id": "d3a673d6-6732-41e7-bbe3-e47c895748fb", "user_id": "5", "endpoint": "/api/auth/me", "method": "GET", "duration_ms": 15.21, "status_code": 200, "error_type": null, "message": "HTTP GET /api/auth/me completed with status 200"}
{"timestamp": "2026-06-10T15:52:25.847551+00:00", "level": "INFO", "event": "request_completed", "request_id": "9336f9e6-38a5-4cfa-834c-1074e448d2ca", "user_id": "5", "endpoint": "/api/system/health", "method": "GET", "duration_ms": 7.79, "status_code": 200, "error_type": null, "message": "HTTP GET /api/system/health completed with status 200"}
{"timestamp": "2026-06-10T15:52:25.850576+00:00", "level": "INFO", "event": "request_completed", "request_id": "421708b9-e898-4c41-bb5d-9210474c6a18", "user_id": "5", "endpoint": "/api/chat/threads", "method": "GET", "duration_ms": 19.75, "status_code": 200, "error_type": null, "message": "HTTP GET /api/chat/threads completed with status 200"}
{"timestamp": "2026-06-10T15:52:25.864548+00:00", "level": "INFO", "event": "request_completed", "request_id": "b5374ab8-1c9d-4f54-a48e-c964fb45d791", "user_id": "5", "endpoint": "/api/chat/threads/10052/messages", "method": "GET", "duration_ms": 9.03, "status_code": 200, "error_type": null, "message": "HTTP GET /api/chat/threads/10052/messages completed with status 200"}
{"timestamp": "2026-06-10T15:52:32.485894+00:00", "level": "WARNING", "event": "slow_request_detected", "request_id": "cf11d671-b422-4d4a-af93-07f645d8de10", "endpoint": "/api/run-simulation", "method": "POST", "duration_ms": 2516.14, "status_code": 200, "message": "Request took 2516.14ms which is slow (>1000ms)"}
{"timestamp": "2026-06-10T15:52:32.485894+00:00", "level": "INFO", "event": "request_completed", "request_id": "cf11d671-b422-4d4a-af93-07f645d8de10", "endpoint": "/api/run-simulation", "method": "POST", "duration_ms": 2516.14, "status_code": 200, "error_type": null, "message": "HTTP POST /api/run-simulation completed with status 200"}
{"timestamp": "2026-06-10T15:52:32.600849+00:00", "level": "INFO", "event": "request_completed", "request_id": "089c8b8c-843f-49d4-8083-40ca51487b6d", "endpoint": "/api/evaluate-portfolio", "method": "POST", "duration_ms": 103.26, "status_code": 200, "error_type": null, "message": "HTTP POST /api/evaluate-portfolio completed with status 200"}
{"timestamp": "2026-06-10T15:52:32.616640+00:00", "level": "INFO", "event": "request_completed", "request_id": "35049e57-b44a-4b50-adc5-149d3e4f59d2", "endpoint": "/api/ai-advice", "method": "POST", "duration_ms": 6.74, "status_code": 200, "error_type": null, "message": "HTTP POST /api/ai-advice completed with status 200"}
{"timestamp": "2026-06-10T15:52:32.634553+00:00", "level": "INFO", "event": "analysis_started", "request_id": "6d74cbf6-959", "tickers": ["TCB", "VNM"], "start_date": "2026-01-01", "end_date": "2026-01-10"}
{"timestamp": "2026-06-10T15:52:32.642399+00:00", "level": "INFO", "event": "analysis_completed", "request_id": "6d74cbf6-959", "duration_ms": 0.03, "ticker_count": 2, "is_degraded": false, "benchmark_source": "VN30"}
{"timestamp": "2026-06-10T15:52:32.643401+00:00", "level": "INFO", "event": "request_completed", "request_id": "62dddcee-dfdd-4c45-a92d-af143b2be90e", "endpoint": "/api/quant/analyze", "method": "POST", "duration_ms": 13.85, "status_code": 200, "error_type": null, "message": "HTTP POST /api/quant/analyze completed with status 200"}
{"timestamp": "2026-06-10T15:52:32.653750+00:00", "level": "INFO", "event": "request_completed", "request_id": "3dcc578e-9ef7-4737-9a82-cba01d614eed", "endpoint": "/api/quant/analyze", "method": "POST", "duration_ms": 1.52, "status_code": 400, "error_type": null, "message": "HTTP POST /api/quant/analyze completed with status 400"}
{"timestamp": "2026-06-10T15:52:32.661362+00:00", "level": "INFO", "event": "request_completed", "request_id": "09857fa0-dec7-4d4c-b5e2-f0f3b95f4dda", "endpoint": "/api/quant/analyze", "method": "POST", "duration_ms": 1.99, "status_code": 400, "error_type": null, "message": "HTTP POST /api/quant/analyze completed with status 400"}
{"timestamp": "2026-06-10T15:52:32.668073+00:00", "level": "INFO", "event": "analysis_started", "request_id": "fd7fa01e-a68", "tickers": ["TCB"], "start_date": "2026-01-10", "end_date": "2026-01-01"}
{"timestamp": "2026-06-10T15:52:32.688199+00:00", "level": "INFO", "event": "request_completed", "request_id": "39c100b1-afad-4284-94e2-fb2702f3268e", "endpoint": "/api/quant/analyze", "method": "POST", "duration_ms": 21.91, "status_code": 400, "error_type": null, "message": "HTTP POST /api/quant/analyze completed with status 400"}
{"timestamp": "2026-06-10T15:52:32.697988+00:00", "level": "INFO", "event": "analysis_started", "request_id": "87f8a5d0-38f", "tickers": ["TCB"], "start_date": "2026-01-01", "end_date": "2026-01-10"}
{"timestamp": "2026-06-10T15:52:32.699579+00:00", "level": "INFO", "event": "request_completed", "request_id": "10ba9b06-74d9-4140-8555-1003db97cd36", "endpoint": "/api/quant/analyze", "method": "POST", "duration_ms": 3.97, "status_code": 400, "error_type": null, "message": "HTTP POST /api/quant/analyze completed with status 400"}
{"timestamp": "2026-06-10T15:52:32.728238+00:00", "level": "INFO", "event": "request_completed", "request_id": "9efb7bb2-21d5-4317-bb64-c8e8878f3dc2", "endpoint": "/api/health", "method": "GET", "duration_ms": 2.72, "status_code": 200, "error_type": null, "message": "HTTP GET /api/health completed with status 200"}
{"timestamp": "2026-06-10T15:52:32.739511+00:00", "level": "INFO", "event": "request_completed", "request_id": "d1b5d72a-f079-4432-a16e-ce2fb0a5bf4d", "endpoint": "/api/health/quant", "method": "GET", "duration_ms": 6.97, "status_code": 200, "error_type": null, "message": "HTTP GET /api/health/quant completed with status 200"}
{"timestamp": "2026-06-10T15:52:32.762662+00:00", "level": "INFO", "event": "analysis_started", "request_id": "test-id", "tickers": ["FPT"], "start_date": "2026-01-01", "end_date": "2026-12-31"}
{"timestamp": "2026-06-10T15:52:32.763177+00:00", "level": "INFO", "event": "analysis_completed", "request_id": "test-id", "duration_ms": 100.0, "ticker_count": 1, "is_degraded": false, "benchmark_source": "VN30"}
{"timestamp": "2026-06-10T15:52:32.763692+00:00", "level": "WARNING", "event": "retry_triggered", "request_id": "test-id", "attempt": 1, "max_retries": 2, "url": "test", "error": "timeout"}
{"timestamp": "2026-06-10T15:52:32.764208+00:00", "level": "WARNING", "event": "benchmark_fallback", "request_id": "test-id", "failed_source": "VN30", "fallback_source": "VNINDEX"}
{"timestamp": "2026-06-10T15:52:32.765243+00:00", "level": "ERROR", "event": "exception_raised", "request_id": "test-id", "error_code": "TEST_ERROR", "message": "test message", "details": null}
{"timestamp": "2026-06-10T15:52:32.771028+00:00", "level": "WARNING", "event": "retry_triggered", "request_id": "test", "attempt": 1, "max_retries": 2, "url": "stock/FPT", "error": "Network error"}
{"timestamp": "2026-06-10T15:52:33.772497+00:00", "level": "WARNING", "event": "retry_triggered", "request_id": "test", "attempt": 2, "max_retries": 2, "url": "stock/FPT", "error": "Network error"}
{"timestamp": "2026-06-10T15:52:34.445645+00:00", "level": "CRITICAL", "event": "slow_request_detected", "request_id": "cb9f39af-2682-4d59-96de-a7bc10900d48", "user_id": "5", "endpoint": "/api/ai/research", "method": "POST", "duration_ms": 24193.51, "status_code": 200, "message": "Request took 24193.51ms which is critical (>5000ms)"}
{"timestamp": "2026-06-10T15:52:34.446669+00:00", "level": "INFO", "event": "request_completed", "request_id": "cb9f39af-2682-4d59-96de-a7bc10900d48", "user_id": "5", "endpoint": "/api/ai/research", "method": "POST", "duration_ms": 24193.51, "status_code": 200, "error_type": null, "message": "HTTP POST /api/ai/research completed with status 200"}
{"timestamp": "2026-06-10T15:52:35.774072+00:00", "level": "ERROR", "event": "exception_raised", "request_id": "test", "error_code": "DATA_FETCH_ERROR", "message": "Failed to fetch FPT after 3 attempts", "details": {"ticker": "FPT", "last_error": "Network error"}}
{"timestamp": "2026-06-10T15:52:35.777655+00:00", "level": "WARNING", "event": "benchmark_fallback", "request_id": "test", "failed_source": "VN30", "fallback_source": "VNINDEX"}
{"timestamp": "2026-06-10T15:52:35.778712+00:00", "level": "WARNING", "event": "benchmark_fallback", "request_id": "test", "failed_source": "VNINDEX", "fallback_source": "NONE"}
{"timestamp": "2026-06-10T15:52:35.790893+00:00", "level": "INFO", "event": "request_completed", "request_id": "6ef57c52-88f3-4a2b-b0da-e8b0f9cac500", "endpoint": "/api/auth/login", "method": "POST", "duration_ms": 8.66, "status_code": 422, "error_type": null, "message": "HTTP POST /api/auth/login completed with status 422"}
{"timestamp": "2026-06-10T15:52:35.798683+00:00", "level": "INFO", "event": "request_completed", "request_id": "08d190e9-78de-42ef-824a-bce4a5efd56a", "endpoint": "/api/quant/analyze", "method": "POST", "duration_ms": 1.73, "status_code": 400, "error_type": null, "message": "HTTP POST /api/quant/analyze completed with status 400"}
{"timestamp": "2026-06-10T15:52:35.805640+00:00", "level": "INFO", "event": "request_completed", "request_id": "616f5b5a-fdf4-4bd1-8f4d-84027f7b5e3d", "endpoint": "/api/health", "method": "GET", "duration_ms": 0.98, "status_code": 200, "error_type": null, "message": "HTTP GET /api/health completed with status 200"}
{"timestamp": "2026-06-10T15:52:35.816486+00:00", "level": "INFO", "event": "analysis_started", "request_id": "e2e7f65e-911", "tickers": ["TCB", "VNM"], "start_date": "2026-01-01", "end_date": "2026-01-10"}
{"timestamp": "2026-06-10T15:52:35.819287+00:00", "level": "INFO", "event": "analysis_completed", "request_id": "e2e7f65e-911", "duration_ms": 0.04, "ticker_count": 2, "is_degraded": false, "benchmark_source": "VN30"}
{"timestamp": "2026-06-10T15:52:35.820290+00:00", "level": "INFO", "event": "request_completed", "request_id": "de2f656c-9d2c-460d-8fc0-f613bffc2c41", "endpoint": "/api/quant/analyze", "method": "POST", "duration_ms": 7.73, "status_code": 200, "error_type": null, "message": "HTTP POST /api/quant/analyze completed with status 200"}
{"timestamp": "2026-06-10T15:52:35.830417+00:00", "level": "INFO", "event": "analysis_started", "request_id": "39c89089-b7f", "tickers": ["FPT"], "start_date": "2026-01-01", "end_date": "2026-01-10"}
{"timestamp": "2026-06-10T15:52:35.834597+00:00", "level": "INFO", "event": "analysis_completed", "request_id": "39c89089-b7f", "duration_ms": 0.06, "ticker_count": 1, "is_degraded": true, "benchmark_source": "NONE"}
{"timestamp": "2026-06-10T15:52:35.834597+00:00", "level": "INFO", "event": "request_completed", "request_id": "e14ac1fa-8670-4851-a824-efc6f8776238", "endpoint": "/api/quant/analyze", "method": "POST", "duration_ms": 7.43, "status_code": 200, "error_type": null, "message": "HTTP POST /api/quant/analyze completed with status 200"}
{"timestamp": "2026-06-10T15:52:35.843081+00:00", "level": "INFO", "event": "request_completed", "request_id": "0f278a64-248c-4c26-b988-7cb74eae7b1b", "endpoint": "/api/quant/analyze", "method": "POST", "duration_ms": 1.48, "status_code": 400, "error_type": null, "message": "HTTP POST /api/quant/analyze completed with status 400"}
{"timestamp": "2026-06-10T15:52:35.849818+00:00", "level": "INFO", "event": "analysis_started", "request_id": "47343a7e-870", "tickers": ["FPT"], "start_date": "2026-01-10", "end_date": "2026-01-01"}
{"timestamp": "2026-06-10T15:52:35.870835+00:00", "level": "INFO", "event": "request_completed", "request_id": "18a2cc67-329b-45a2-878c-18b59e139674", "endpoint": "/api/quant/analyze", "method": "POST", "duration_ms": 19.72, "status_code": 400, "error_type": null, "message": "HTTP POST /api/quant/analyze completed with status 400"}
{"timestamp": "2026-06-10T15:52:35.879474+00:00", "level": "INFO", "event": "request_completed", "request_id": "736e30e3-60e2-4742-bf5f-f741919abbf1", "endpoint": "/api/quant/analyze", "method": "POST", "duration_ms": 2.12, "status_code": 400, "error_type": null, "message": "HTTP POST /api/quant/analyze completed with status 400"}
{"timestamp": "2026-06-10T15:52:35.903229+00:00", "level": "INFO", "event": "request_completed", "request_id": "187fcbe9-855b-44f4-943e-a305e035437a", "endpoint": "/api/quant/backtest", "method": "POST", "duration_ms": 15.47, "status_code": 200, "error_type": null, "message": "HTTP POST /api/quant/backtest completed with status 200"}
{"timestamp": "2026-06-10T15:52:35.912449+00:00", "level": "INFO", "event": "request_completed", "request_id": "6e5fb36a-cd93-419d-9038-5cba0fd9cc62", "endpoint": "/api/quant/backtest", "method": "POST", "duration_ms": 1.95, "status_code": 400, "error_type": null, "message": "HTTP POST /api/quant/backtest completed with status 400"}
{"timestamp": "2026-06-10T15:52:35.919689+00:00", "level": "INFO", "event": "request_completed", "request_id": "af5cba70-8b4e-482e-953e-66e97d0dda80", "endpoint": "/api/quant/backtest", "method": "POST", "duration_ms": 1.56, "status_code": 400, "error_type": null, "message": "HTTP POST /api/quant/backtest completed with status 400"}
{"timestamp": "2026-06-10T15:52:35.928423+00:00", "level": "INFO", "event": "request_completed", "request_id": "b0605c7a-b83f-49b3-8978-2978fd56ea20", "endpoint": "/api/quant/backtest", "method": "POST", "duration_ms": 2.88, "status_code": 400, "error_type": null, "message": "HTTP POST /api/quant/backtest completed with status 400"}
{"timestamp": "2026-06-10T15:52:35.937085+00:00", "level": "INFO", "event": "request_completed", "request_id": "9a779828-f21a-436c-8e6d-553683856fc1", "endpoint": "/api/quant/backtest", "method": "POST", "duration_ms": 2.79, "status_code": 400, "error_type": null, "message": "HTTP POST /api/quant/backtest completed with status 400"}
{"timestamp": "2026-06-10T15:52:35.941749+00:00", "level": "INFO", "event": "request_completed", "request_id": "02e1691e-3058-49e7-aa20-cc34b71ea43f", "endpoint": "/api/quant/backtest", "method": "POST", "duration_ms": 1.93, "status_code": 400, "error_type": null, "message": "HTTP POST /api/quant/backtest completed with status 400"}
{"timestamp": "2026-06-10T15:52:35.954239+00:00", "level": "INFO", "event": "request_completed", "request_id": "d8f8cd05-14d1-4765-9da8-8dcc8a6897a5", "endpoint": "/api/quant/backtest", "method": "POST", "duration_ms": 1.53, "status_code": 400, "error_type": null, "message": "HTTP POST /api/quant/backtest completed with status 400"}
{"timestamp": "2026-06-10T15:52:35.962752+00:00", "level": "INFO", "event": "request_completed", "request_id": "1da5e02a-c94c-45e1-96b5-70bff9e43f79", "endpoint": "/api/quant/backtest", "method": "POST", "duration_ms": 2.05, "status_code": 400, "error_type": null, "message": "HTTP POST /api/quant/backtest completed with status 400"}
{"timestamp": "2026-06-10T15:52:35.971253+00:00", "level": "INFO", "event": "request_completed", "request_id": "51bb2c8a-f9fe-4bec-ad8b-2b82f3f5a9aa", "endpoint": "/api/quant/backtest", "method": "POST", "duration_ms": 2.19, "status_code": 400, "error_type": null, "message": "HTTP POST /api/quant/backtest completed with status 400"}
{"timestamp": "2026-06-10T15:52:35.984663+00:00", "level": "INFO", "event": "request_completed", "request_id": "8a272f0d-b497-4ce5-9bfd-1879aa1dd392", "endpoint": "/api/quant/backtest", "method": "POST", "duration_ms": 5.98, "status_code": 200, "error_type": null, "message": "HTTP POST /api/quant/backtest completed with status 200"}
{"timestamp": "2026-06-10T15:52:35.997535+00:00", "level": "INFO", "event": "request_completed", "request_id": "3cc30bea-8488-4db1-b6b2-2dedc33df379", "endpoint": "/api/quant/optimize", "method": "POST", "duration_ms": 4.56, "status_code": 400, "error_type": null, "message": "HTTP POST /api/quant/optimize completed with status 400"}
{"timestamp": "2026-06-10T15:52:36.006118+00:00", "level": "INFO", "event": "request_completed", "request_id": "3c49f4bc-f179-485a-8c3a-31bf77023a1f", "endpoint": "/api/quant/optimize", "method": "POST", "duration_ms": 2.08, "status_code": 400, "error_type": null, "message": "HTTP POST /api/quant/optimize completed with status 400"}
{"timestamp": "2026-06-10T15:52:36.014771+00:00", "level": "INFO", "event": "request_completed", "request_id": "e99fdddd-f656-4573-ad7f-d7d0bf6b3473", "endpoint": "/api/quant/optimize", "method": "POST", "duration_ms": 2.51, "status_code": 400, "error_type": null, "message": "HTTP POST /api/quant/optimize completed with status 400"}
{"timestamp": "2026-06-10T15:52:36.053491+00:00", "level": "ERROR", "event": "exception_raised", "request_id": "181eb4cc-8c7", "error_code": "VALIDATION_ERROR", "message": "Constraints are infeasible: min_weight (0.4) * number of symbols (3) > 1.0", "details": null}
{"timestamp": "2026-06-10T15:52:36.054495+00:00", "level": "INFO", "event": "request_completed", "request_id": "ae024345-4893-445d-86a9-b1b0f5d65764", "endpoint": "/api/quant/optimize", "method": "POST", "duration_ms": 32.87, "status_code": 400, "error_type": null, "message": "HTTP POST /api/quant/optimize completed with status 400"}
{"timestamp": "2026-06-10T15:52:36.061659+00:00", "level": "INFO", "event": "request_completed", "request_id": "f1784a3d-f05b-4daf-9adc-2b912d9f578c", "endpoint": "/api/quant/optimize", "method": "POST", "duration_ms": 1.73, "status_code": 400, "error_type": null, "message": "HTTP POST /api/quant/optimize completed with status 400"}
{"timestamp": "2026-06-10T15:52:36.070413+00:00", "level": "INFO", "event": "request_completed", "request_id": "4b8139da-43c8-4d50-9323-9858b5bee819", "endpoint": "/api/quant/optimize", "method": "POST", "duration_ms": 2.8, "status_code": 400, "error_type": null, "message": "HTTP POST /api/quant/optimize completed with status 400"}
{"timestamp": "2026-06-10T15:52:36.149112+00:00", "level": "INFO", "event": "request_completed", "request_id": "7d54030e-a5fb-4abe-91e3-b971fc9c335f", "endpoint": "/api/quant/optimize", "method": "POST", "duration_ms": 72.63, "status_code": 200, "error_type": null, "message": "HTTP POST /api/quant/optimize completed with status 200"}
{"timestamp": "2026-06-10T15:52:36.213753+00:00", "level": "INFO", "event": "request_completed", "request_id": "9753d4dc-add4-436c-ae91-0ae93acde5b5", "endpoint": "/api/quant/optimize", "method": "POST", "duration_ms": 58.41, "status_code": 200, "error_type": null, "message": "HTTP POST /api/quant/optimize completed with status 200"}
{"timestamp": "2026-06-10T15:52:36.281627+00:00", "level": "INFO", "event": "request_completed", "request_id": "5f831811-cad9-4fa8-b471-c2b78f631351", "endpoint": "/api/quant/optimize", "method": "POST", "duration_ms": 60.51, "status_code": 200, "error_type": null, "message": "HTTP POST /api/quant/optimize completed with status 200"}
{"timestamp": "2026-06-10T15:52:36.351792+00:00", "level": "INFO", "event": "request_completed", "request_id": "fd2fd323-33f2-48b7-926d-735ba2140d03", "endpoint": "/api/quant/optimize", "method": "POST", "duration_ms": 63.44, "status_code": 200, "error_type": null, "message": "HTTP POST /api/quant/optimize completed with status 200"}
{"timestamp": "2026-06-10T15:52:36.446577+00:00", "level": "INFO", "event": "request_completed", "request_id": "71099415-c716-4e42-94ed-81af72893acd", "endpoint": "/api/quant/optimize", "method": "POST", "duration_ms": 86.96, "status_code": 200, "error_type": null, "message": "HTTP POST /api/quant/optimize completed with status 200"}
{"timestamp": "2026-06-10T15:52:36.520954+00:00", "level": "INFO", "event": "request_completed", "request_id": "ec7a1073-bbc8-41cd-bb8b-cdc8670d43ea", "endpoint": "/api/quant/optimize-and-backtest", "method": "POST", "duration_ms": 68.18, "status_code": 200, "error_type": null, "message": "HTTP POST /api/quant/optimize-and-backtest completed with status 200"}
{"timestamp": "2026-06-10T15:52:36.534728+00:00", "level": "INFO", "event": "request_completed", "request_id": "639ef621-27eb-4483-9ae6-47a843f602dd", "endpoint": "/api/ai/research", "method": "POST", "duration_ms": 5.02, "status_code": 200, "error_type": null, "message": "HTTP POST /api/ai/research completed with status 200"}
{"timestamp": "2026-06-10T15:52:36.545654+00:00", "level": "INFO", "event": "request_completed", "request_id": "f9db07f6-0596-4a7b-8395-e36a39614fed", "endpoint": "/api/ai/research", "method": "POST", "duration_ms": 2.17, "status_code": 200, "error_type": null, "message": "HTTP POST /api/ai/research completed with status 200"}
{"timestamp": "2026-06-10T15:52:49.914407+00:00", "level": "CRITICAL", "event": "slow_request_detected", "request_id": "2bb0424c-0027-4dff-be41-2ac8ba219a1e", "endpoint": "/api/ai/research", "method": "POST", "duration_ms": 13361.61, "status_code": 200, "message": "Request took 13361.61ms which is critical (>5000ms)"}
{"timestamp": "2026-06-10T15:52:49.915913+00:00", "level": "INFO", "event": "request_completed", "request_id": "2bb0424c-0027-4dff-be41-2ac8ba219a1e", "endpoint": "/api/ai/research", "method": "POST", "duration_ms": 13361.61, "status_code": 200, "error_type": null, "message": "HTTP POST /api/ai/research completed with status 200"}
{"timestamp": "2026-06-10T15:52:49.923259+00:00", "level": "INFO", "event": "request_completed", "request_id": "dbf6b851-7a6a-4774-9851-13fe2a969a67", "endpoint": "/api/ai/research", "method": "POST", "duration_ms": 1.93, "status_code": 400, "error_type": null, "message": "HTTP POST /api/ai/research completed with status 400"}
{"timestamp": "2026-06-10T15:52:49.972905+00:00", "level": "INFO", "event": "request_completed", "request_id": "feca82e2-c155-47fc-85f2-0605d2777f6a", "endpoint": "/api/ai/research/export-docx", "method": "POST", "duration_ms": 44.59, "status_code": 200, "error_type": null, "message": "HTTP POST /api/ai/research/export-docx completed with status 200"}
{"timestamp": "2026-06-10T15:52:49.999401+00:00", "level": "INFO", "event": "request_completed", "request_id": "bac6cc8c-f0e8-477b-b93f-badb938a8e68", "endpoint": "/api/health", "method": "GET", "duration_ms": 0.83, "status_code": 200, "error_type": null, "message": "HTTP GET /api/health completed with status 200"}
{"timestamp": "2026-06-10T15:52:50.010082+00:00", "level": "INFO", "event": "request_completed", "request_id": "test-propagate-123", "endpoint": "/api/health", "method": "GET", "duration_ms": 6.24, "status_code": 200, "error_type": null, "message": "HTTP GET /api/health completed with status 200"}
{"timestamp": "2026-06-10T15:52:50.016134+00:00", "level": "INFO", "event": "request_completed", "request_id": "60354325-d5de-4bf3-94de-72b57146e304", "endpoint": "/api/health/liveness", "method": "GET", "duration_ms": 1.08, "status_code": 200, "error_type": null, "message": "HTTP GET /api/health/liveness completed with status 200"}
{"timestamp": "2026-06-10T15:52:50.022733+00:00", "level": "INFO", "event": "request_completed", "request_id": "77e69a5c-4b10-4756-9265-4f7a6035c3d6", "endpoint": "/api/health/readiness", "method": "GET", "duration_ms": 2.14, "status_code": 200, "error_type": null, "message": "HTTP GET /api/health/readiness completed with status 200"}
{"timestamp": "2026-06-10T15:52:50.031110+00:00", "level": "INFO", "event": "request_completed", "request_id": "b9b8acd9-7a6e-4d51-9f1a-7039612e464d", "endpoint": "/api/health/dependencies", "method": "GET", "duration_ms": 4.3, "status_code": 200, "error_type": null, "message": "HTTP GET /api/health/dependencies completed with status 200"}
{"timestamp": "2026-06-10T15:53:28.258097+00:00", "level": "INFO", "event": "request_completed", "request_id": "6c353fb1-32cf-4181-baec-563a152056f0", "user_id": "5", "endpoint": "/api/auth/me", "method": "GET", "duration_ms": 7.65, "status_code": 200, "error_type": null, "message": "HTTP GET /api/auth/me completed with status 200"}
{"timestamp": "2026-06-10T15:53:28.272720+00:00", "level": "INFO", "event": "request_completed", "request_id": "f54a8f1c-f876-459c-a730-f3257093fbbc", "user_id": "5", "endpoint": "/api/system/health", "method": "GET", "duration_ms": 2.15, "status_code": 200, "error_type": null, "message": "HTTP GET /api/system/health completed with status 200"}
{"timestamp": "2026-06-10T15:53:28.794160+00:00", "level": "INFO", "event": "request_completed", "request_id": "f737aa8f-62fe-4ea1-9545-c556826e1196", "user_id": "5", "endpoint": "/api/auth/me", "method": "GET", "duration_ms": 6.03, "status_code": 200, "error_type": null, "message": "HTTP GET /api/auth/me completed with status 200"}
{"timestamp": "2026-06-10T15:53:28.804576+00:00", "level": "INFO", "event": "request_completed", "request_id": "63623d8e-852e-4a29-84a3-8c341de6206c", "user_id": "5", "endpoint": "/api/system/health", "method": "GET", "duration_ms": 1.81, "status_code": 200, "error_type": null, "message": "HTTP GET /api/system/health completed with status 200"}
{"timestamp": "2026-06-10T15:53:28.808626+00:00", "level": "INFO", "event": "request_completed", "request_id": "5bae3d2a-5d13-4281-9e65-df3e9a1e4765", "user_id": "5", "endpoint": "/api/portfolios", "method": "GET", "duration_ms": 12.61, "status_code": 200, "error_type": null, "message": "HTTP GET /api/portfolios completed with status 200"}
{"timestamp": "2026-06-10T15:53:29.417137+00:00", "level": "WARNING", "event": "slow_request_detected", "request_id": "8201911d-80b6-48d4-8cc7-adc8661fcdbc", "user_id": "5", "endpoint": "/api/current-prices", "method": "GET", "duration_ms": 1133.25, "status_code": 200, "message": "Request took 1133.25ms which is slow (>1000ms)"}
{"timestamp": "2026-06-10T15:53:29.417137+00:00", "level": "INFO", "event": "request_completed", "request_id": "8201911d-80b6-48d4-8cc7-adc8661fcdbc", "user_id": "5", "endpoint": "/api/current-prices", "method": "GET", "duration_ms": 1133.25, "status_code": 200, "error_type": null, "message": "HTTP GET /api/current-prices completed with status 200"}
{"timestamp": "2026-06-10T15:53:29.811431+00:00", "level": "INFO", "event": "request_completed", "request_id": "1878b96b-31bc-442f-9038-3ee023dcaa36", "user_id": "5", "endpoint": "/api/portfolios/13/holdings", "method": "GET", "duration_ms": 998.66, "status_code": 200, "error_type": null, "message": "HTTP GET /api/portfolios/13/holdings completed with status 200"}
{"timestamp": "2026-06-10T15:53:29.824059+00:00", "level": "INFO", "event": "request_completed", "request_id": "d6fef905-80bf-4bc4-a0db-f4f64f8ef68f", "user_id": "5", "endpoint": "/api/portfolios/13/transactions", "method": "GET", "duration_ms": 9.44, "status_code": 200, "error_type": null, "message": "HTTP GET /api/portfolios/13/transactions completed with status 200"}
{"timestamp": "2026-06-10T15:53:30.448176+00:00", "level": "INFO", "event": "request_completed", "request_id": "e8e02974-3b61-452a-b8c8-a3dbc9383b82", "endpoint": "/", "method": "GET", "duration_ms": 1.63, "status_code": 200, "error_type": null, "message": "HTTP GET / completed with status 200"}
{"timestamp": "2026-06-10T15:53:30.591776+00:00", "level": "INFO", "event": "request_completed", "request_id": "7ff38c13-fde0-47ae-87e8-b328a9cb3edd", "user_id": "5", "endpoint": "/api/auth/me", "method": "GET", "duration_ms": 8.2, "status_code": 200, "error_type": null, "message": "HTTP GET /api/auth/me completed with status 200"}
{"timestamp": "2026-06-10T15:53:30.597199+00:00", "level": "INFO", "event": "request_completed", "request_id": "db272f86-c046-44d1-83b8-0c428dec1c99", "user_id": "5", "endpoint": "/api/portfolios", "method": "GET", "duration_ms": 9.05, "status_code": 200, "error_type": null, "message": "HTTP GET /api/portfolios completed with status 200"}
{"timestamp": "2026-06-10T15:53:30.601421+00:00", "level": "INFO", "event": "request_completed", "request_id": "c0197950-4298-4ce3-bc5b-2a9860d663ef", "user_id": "5", "endpoint": "/api/auth/me", "method": "GET", "duration_ms": 6.49, "status_code": 200, "error_type": null, "message": "HTTP GET /api/auth/me completed with status 200"}
{"timestamp": "2026-06-10T15:53:30.640266+00:00", "level": "INFO", "event": "request_completed", "request_id": "95aef4e4-536d-461b-be7b-1620267f3a99", "user_id": "5", "endpoint": "/api/system/health", "method": "GET", "duration_ms": 10.16, "status_code": 200, "error_type": null, "message": "HTTP GET /api/system/health completed with status 200"}
{"timestamp": "2026-06-10T15:53:30.646369+00:00", "level": "INFO", "event": "request_completed", "request_id": "2bd43d48-3f63-4c13-966f-f1372620a524", "user_id": "5", "endpoint": "/api/auth/me", "method": "GET", "duration_ms": 14.64, "status_code": 200, "error_type": null, "message": "HTTP GET /api/auth/me completed with status 200"}
{"timestamp": "2026-06-10T15:53:30.649600+00:00", "level": "INFO", "event": "request_completed", "request_id": "0becd067-fdc9-4601-93c3-3bff07f2dc3c", "user_id": "5", "endpoint": "/api/system/health", "method": "GET", "duration_ms": 5.62, "status_code": 200, "error_type": null, "message": "HTTP GET /api/system/health completed with status 200"}
{"timestamp": "2026-06-10T15:53:30.651881+00:00", "level": "INFO", "event": "request_completed", "request_id": "bef0f2a8-5932-4136-86c3-5a62c938cee5", "user_id": "5", "endpoint": "/api/portfolios", "method": "GET", "duration_ms": 18.08, "status_code": 200, "error_type": null, "message": "HTTP GET /api/portfolios completed with status 200"}
{"timestamp": "2026-06-10T15:53:31.611806+00:00", "level": "INFO", "event": "request_completed", "request_id": "1dbdf9c6-a835-4d8e-aa1e-e67b1cb218a9", "user_id": "5", "endpoint": "/api/portfolios/13/holdings", "method": "GET", "duration_ms": 976.07, "status_code": 200, "error_type": null, "message": "HTTP GET /api/portfolios/13/holdings completed with status 200"}
{"timestamp": "2026-06-10T15:53:31.626040+00:00", "level": "INFO", "event": "request_completed", "request_id": "a0d26827-b01d-431e-b864-c233ffba7032", "user_id": "5", "endpoint": "/api/portfolios/13/transactions", "method": "GET", "duration_ms": 7.37, "status_code": 200, "error_type": null, "message": "HTTP GET /api/portfolios/13/transactions completed with status 200"}
{"timestamp": "2026-06-10T15:53:32.573343+00:00", "level": "INFO", "event": "request_completed", "request_id": "6fbf2dcd-1e31-4870-b5e8-a62fc3543713", "user_id": "5", "endpoint": "/api/portfolios/13/holdings", "method": "GET", "duration_ms": 956.82, "status_code": 200, "error_type": null, "message": "HTTP GET /api/portfolios/13/holdings completed with status 200"}
{"timestamp": "2026-06-10T15:53:32.589054+00:00", "level": "INFO", "event": "request_completed", "request_id": "b9c81917-f81f-4034-9c9a-0342f38ce8b7", "user_id": "5", "endpoint": "/api/portfolios/13/transactions", "method": "GET", "duration_ms": 10.1, "status_code": 200, "error_type": null, "message": "HTTP GET /api/portfolios/13/transactions completed with status 200"}
{"timestamp": "2026-06-10T15:53:32.789839+00:00", "level": "INFO", "event": "request_completed", "request_id": "0079fba5-133f-4112-ad4a-663031942b8c", "user_id": "5", "endpoint": "/api/portfolios", "method": "GET", "duration_ms": 9.52, "status_code": 200, "error_type": null, "message": "HTTP GET /api/portfolios completed with status 200"}
{"timestamp": "2026-06-10T15:53:33.827068+00:00", "level": "WARNING", "event": "slow_request_detected", "request_id": "d33b8cae-92a9-4923-94e6-070004a6de8a", "user_id": "5", "endpoint": "/api/portfolios/13/holdings", "method": "GET", "duration_ms": 1027.45, "status_code": 200, "message": "Request took 1027.45ms which is slow (>1000ms)"}
{"timestamp": "2026-06-10T15:53:33.828441+00:00", "level": "INFO", "event": "request_completed", "request_id": "d33b8cae-92a9-4923-94e6-070004a6de8a", "user_id": "5", "endpoint": "/api/portfolios/13/holdings", "method": "GET", "duration_ms": 1027.45, "status_code": 200, "error_type": null, "message": "HTTP GET /api/portfolios/13/holdings completed with status 200"}
{"timestamp": "2026-06-10T15:53:33.839750+00:00", "level": "INFO", "event": "request_completed", "request_id": "e8f5f058-688c-47db-b66f-2460f942db94", "user_id": "5", "endpoint": "/api/portfolios/13/transactions", "method": "GET", "duration_ms": 8.23, "status_code": 200, "error_type": null, "message": "HTTP GET /api/portfolios/13/transactions completed with status 200"}
{"timestamp": "2026-06-10T15:53:36.333965+00:00", "level": "INFO", "event": "request_completed", "request_id": "bbf671ee-9c62-4081-8dd5-7ba0ee48acb8", "endpoint": "/", "method": "GET", "duration_ms": 1.43, "status_code": 200, "error_type": null, "message": "HTTP GET / completed with status 200"}
{"timestamp": "2026-06-10T15:53:36.351550+00:00", "level": "INFO", "event": "request_completed", "request_id": "8f4b76b3-3b26-4324-ac39-b77f23d9d217", "endpoint": "/js/app.js", "method": "GET", "duration_ms": 2.35, "status_code": 200, "error_type": null, "message": "HTTP GET /js/app.js completed with status 200"}
{"timestamp": "2026-06-10T15:53:36.353607+00:00", "level": "INFO", "event": "request_completed", "request_id": "e30ad3de-62b0-4d01-b035-e5d9717e765e", "endpoint": "/css/app.css", "method": "GET", "duration_ms": 6.26, "status_code": 200, "error_type": null, "message": "HTTP GET /css/app.css completed with status 200"}
{"timestamp": "2026-06-10T15:53:36.354610+00:00", "level": "INFO", "event": "request_completed", "request_id": "fa93b566-8839-4656-9067-b74c7355c79a", "endpoint": "/js/lib/html2pdf.bundle.min.js", "method": "GET", "duration_ms": 5.86, "status_code": 200, "error_type": null, "message": "HTTP GET /js/lib/html2pdf.bundle.min.js completed with status 200"}
{"timestamp": "2026-06-10T15:53:37.073252+00:00", "level": "INFO", "event": "request_completed", "request_id": "1e0fdba5-4544-4c00-8ec4-00ee123cffef", "endpoint": "/js/auth.js", "method": "GET", "duration_ms": 7.06, "status_code": 200, "error_type": null, "message": "HTTP GET /js/auth.js completed with status 200"}
{"timestamp": "2026-06-10T15:53:37.077445+00:00", "level": "INFO", "event": "request_completed", "request_id": "a62d1b31-f688-43bb-8f16-5bbe958fd6c7", "endpoint": "/js/router.js", "method": "GET", "duration_ms": 8.39, "status_code": 200, "error_type": null, "message": "HTTP GET /js/router.js completed with status 200"}
{"timestamp": "2026-06-10T15:53:37.078450+00:00", "level": "INFO", "event": "request_completed", "request_id": "f9d19fe9-7e71-4269-9c85-e38094558ded", "endpoint": "/js/components/ChatWidget.js", "method": "GET", "duration_ms": 8.42, "status_code": 200, "error_type": null, "message": "HTTP GET /js/components/ChatWidget.js completed with status 200"}
{"timestamp": "2026-06-10T15:53:37.080453+00:00", "level": "INFO", "event": "request_completed", "request_id": "be1dfbeb-0ca3-44db-bd74-b83e2ec0694b", "endpoint": "/js/components/Sidebar.js", "method": "GET", "duration_ms": 10.44, "status_code": 200, "error_type": null, "message": "HTTP GET /js/components/Sidebar.js completed with status 200"}
{"timestamp": "2026-06-10T15:53:37.081456+00:00", "level": "INFO", "event": "request_completed", "request_id": "a53790d2-4257-487e-8c7a-74ad83e571f7", "endpoint": "/js/components/Topbar.js", "method": "GET", "duration_ms": 11.68, "status_code": 200, "error_type": null, "message": "HTTP GET /js/components/Topbar.js completed with status 200"}
{"timestamp": "2026-06-10T15:53:37.086721+00:00", "level": "INFO", "event": "request_completed", "request_id": "8fdc3241-89c9-441a-990f-8ac0ba9f7c6c", "endpoint": "/js/views/Landing.js", "method": "GET", "duration_ms": 14.18, "status_code": 200, "error_type": null, "message": "HTTP GET /js/views/Landing.js completed with status 200"}
{"timestamp": "2026-06-10T15:53:37.099120+00:00", "level": "INFO", "event": "request_completed", "request_id": "2cd9a357-fad5-4720-b3ec-5172cd4e2966", "endpoint": "/js/views/Auth.js", "method": "GET", "duration_ms": 7.75, "status_code": 200, "error_type": null, "message": "HTTP GET /js/views/Auth.js completed with status 200"}
{"timestamp": "2026-06-10T15:53:37.101640+00:00", "level": "INFO", "event": "request_completed", "request_id": "8a96c1a7-1cd1-4ec7-af09-5e9fdde02a86", "endpoint": "/js/views/RiskAnalysis.js", "method": "GET", "duration_ms": 7.61, "status_code": 200, "error_type": null, "message": "HTTP GET /js/views/RiskAnalysis.js completed with status 200"}
{"timestamp": "2026-06-10T15:53:37.103694+00:00", "level": "INFO", "event": "request_completed", "request_id": "f214ba40-b010-46eb-becf-8a4ea5e7a61d", "endpoint": "/js/views/Dashboard.js", "method": "GET", "duration_ms": 10.25, "status_code": 200, "error_type": null, "message": "HTTP GET /js/views/Dashboard.js completed with status 200"}
{"timestamp": "2026-06-10T15:53:37.104851+00:00", "level": "INFO", "event": "request_completed", "request_id": "b956c77b-8745-466b-ba0e-322842861c14", "endpoint": "/js/views/Portfolio.js", "method": "GET", "duration_ms": 10.11, "status_code": 200, "error_type": null, "message": "HTTP GET /js/views/Portfolio.js completed with status 200"}
{"timestamp": "2026-06-10T15:53:37.104851+00:00", "level": "INFO", "event": "request_completed", "request_id": "264aab30-3ef2-48ed-8393-e9b60ac2cb29", "endpoint": "/js/views/Revenue.js", "method": "GET", "duration_ms": 9.65, "status_code": 200, "error_type": null, "message": "HTTP GET /js/views/Revenue.js completed with status 200"}
{"timestamp": "2026-06-10T15:53:37.106910+00:00", "level": "INFO", "event": "request_completed", "request_id": "b913d672-a3fb-40e4-835e-fee87262c8a8", "endpoint": "/js/views/AIAssistant.js", "method": "GET", "duration_ms": 8.37, "status_code": 200, "error_type": null, "message": "HTTP GET /js/views/AIAssistant.js completed with status 200"}
{"timestamp": "2026-06-10T15:53:37.120488+00:00", "level": "INFO", "event": "request_completed", "request_id": "29acf21a-83e9-4843-b455-b049010c8cb6", "endpoint": "/js/views/Reports.js", "method": "GET", "duration_ms": 9.73, "status_code": 200, "error_type": null, "message": "HTTP GET /js/views/Reports.js completed with status 200"}
{"timestamp": "2026-06-10T15:53:37.121490+00:00", "level": "INFO", "event": "request_completed", "request_id": "4ecaa8d3-6f05-433f-b197-52fb3e956d85", "endpoint": "/js/views/Financials.js", "method": "GET", "duration_ms": 10.09, "status_code": 200, "error_type": null, "message": "HTTP GET /js/views/Financials.js completed with status 200"}
{"timestamp": "2026-06-10T15:53:37.123697+00:00", "level": "INFO", "event": "request_completed", "request_id": "5b965dea-166b-4e10-b1af-5339c58c9893", "endpoint": "/js/views/Optimization.js", "method": "GET", "duration_ms": 9.56, "status_code": 200, "error_type": null, "message": "HTTP GET /js/views/Optimization.js completed with status 200"}
{"timestamp": "2026-06-10T15:53:37.124716+00:00", "level": "INFO", "event": "request_completed", "request_id": "493e3e5d-d2cf-4770-836c-822af23aa3c6", "endpoint": "/js/views/Quant.js", "method": "GET", "duration_ms": 10.8, "status_code": 200, "error_type": null, "message": "HTTP GET /js/views/Quant.js completed with status 200"}
{"timestamp": "2026-06-10T15:53:37.125956+00:00", "level": "INFO", "event": "request_completed", "request_id": "79b6ea5b-93ff-48f5-81b5-9ff41c666a83", "endpoint": "/js/views/Backtest.js", "method": "GET", "duration_ms": 9.98, "status_code": 200, "error_type": null, "message": "HTTP GET /js/views/Backtest.js completed with status 200"}
{"timestamp": "2026-06-10T15:53:37.126981+00:00", "level": "INFO", "event": "request_completed", "request_id": "9a6d2c08-789f-4325-8a7c-def679793d32", "endpoint": "/js/views/Optimizer.js", "method": "GET", "duration_ms": 9.81, "status_code": 200, "error_type": null, "message": "HTTP GET /js/views/Optimizer.js completed with status 200"}
{"timestamp": "2026-06-10T15:53:37.138866+00:00", "level": "INFO", "event": "request_completed", "request_id": "69fb95f9-7fe5-4050-b0d0-0cd46fa5bfc4", "endpoint": "/js/views/AIResearch.js", "method": "GET", "duration_ms": 5.49, "status_code": 200, "error_type": null, "message": "HTTP GET /js/views/AIResearch.js completed with status 200"}
{"timestamp": "2026-06-10T15:53:37.140933+00:00", "level": "INFO", "event": "request_completed", "request_id": "8ac2232f-c735-4638-b9b3-29c604d76bee", "endpoint": "/js/views/OpsDashboard.js", "method": "GET", "duration_ms": 6.97, "status_code": 200, "error_type": null, "message": "HTTP GET /js/views/OpsDashboard.js completed with status 200"}
{"timestamp": "2026-06-10T15:53:37.140933+00:00", "level": "INFO", "event": "request_completed", "request_id": "7c0b727e-5537-4394-9fa8-ec65f809a25e", "endpoint": "/js/i18n.js", "method": "GET", "duration_ms": 6.92, "status_code": 200, "error_type": null, "message": "HTTP GET /js/i18n.js completed with status 200"}
{"timestamp": "2026-06-10T15:53:37.141936+00:00", "level": "INFO", "event": "request_completed", "request_id": "6f55d688-33f9-4c55-a2cb-958ce28259f4", "endpoint": "/js/state.js", "method": "GET", "duration_ms": 6.49, "status_code": 200, "error_type": null, "message": "HTTP GET /js/state.js completed with status 200"}
{"timestamp": "2026-06-10T15:53:37.142946+00:00", "level": "INFO", "event": "request_completed", "request_id": "ba011b17-4b61-42e7-8300-0143e3305632", "endpoint": "/js/api.js", "method": "GET", "duration_ms": 8.61, "status_code": 200, "error_type": null, "message": "HTTP GET /js/api.js completed with status 200"}
{"timestamp": "2026-06-10T15:53:37.144909+00:00", "level": "INFO", "event": "request_completed", "request_id": "3643bff6-3529-4ce0-82c1-a8be4544d6b2", "endpoint": "/js/services/chatService.js", "method": "GET", "duration_ms": 9.18, "status_code": 200, "error_type": null, "message": "HTTP GET /js/services/chatService.js completed with status 200"}
{"timestamp": "2026-06-10T15:53:37.157668+00:00", "level": "INFO", "event": "request_completed", "request_id": "ff5046f7-25a6-4f7a-8f37-711afa4e61c5", "endpoint": "/js/services/performanceService.js", "method": "GET", "duration_ms": 4.06, "status_code": 200, "error_type": null, "message": "HTTP GET /js/services/performanceService.js completed with status 200"}
{"timestamp": "2026-06-10T15:53:37.160323+00:00", "level": "INFO", "event": "request_completed", "request_id": "3dfd0425-47f5-4b09-b8fa-a74ae242aca1", "endpoint": "/js/services/systemService.js", "method": "GET", "duration_ms": 5.69, "status_code": 200, "error_type": null, "message": "HTTP GET /js/services/systemService.js completed with status 200"}
{"timestamp": "2026-06-10T15:53:37.162854+00:00", "level": "INFO", "event": "request_completed", "request_id": "cc80e81f-60e7-4cb2-a816-4beff905cdb7", "endpoint": "/js/services/portfolioService.js", "method": "GET", "duration_ms": 10.07, "status_code": 200, "error_type": null, "message": "HTTP GET /js/services/portfolioService.js completed with status 200"}
{"timestamp": "2026-06-10T15:53:37.172191+00:00", "level": "INFO", "event": "request_completed", "request_id": "a051274c-e89f-44d6-b7ee-11766cad96fe", "endpoint": "/js/services/http.js", "method": "GET", "duration_ms": 6.5, "status_code": 200, "error_type": null, "message": "HTTP GET /js/services/http.js completed with status 200"}
{"timestamp": "2026-06-10T15:53:37.542086+00:00", "level": "INFO", "event": "request_completed", "request_id": "538570fe-fd29-4904-95f3-bbea9dad88b4", "user_id": "5", "endpoint": "/api/auth/me", "method": "GET", "duration_ms": 9.57, "status_code": 200, "error_type": null, "message": "HTTP GET /api/auth/me completed with status 200"}
{"timestamp": "2026-06-10T15:53:37.544196+00:00", "level": "INFO", "event": "request_completed", "request_id": "a34a19c8-2e3c-4209-b828-246871027ef5", "user_id": "5", "endpoint": "/api/auth/me", "method": "GET", "duration_ms": 12.74, "status_code": 200, "error_type": null, "message": "HTTP GET /api/auth/me completed with status 200"}
{"timestamp": "2026-06-10T15:53:37.546208+00:00", "level": "INFO", "event": "request_completed", "request_id": "13a0b9e0-0da1-4083-9d8e-4967785e4f78", "user_id": "5", "endpoint": "/api/portfolios", "method": "GET", "duration_ms": 12.77, "status_code": 200, "error_type": null, "message": "HTTP GET /api/portfolios completed with status 200"}
{"timestamp": "2026-06-10T15:53:37.613791+00:00", "level": "INFO", "event": "request_completed", "request_id": "598f6691-f204-4aa4-91fc-32dc1ccd74bb", "user_id": "5", "endpoint": "/api/system/health", "method": "GET", "duration_ms": 12.84, "status_code": 200, "error_type": null, "message": "HTTP GET /api/system/health completed with status 200"}
{"timestamp": "2026-06-10T15:53:37.623936+00:00", "level": "INFO", "event": "request_completed", "request_id": "406f00ed-8469-48ae-906b-4ed0317c5633", "endpoint": "/favicon.ico", "method": "GET", "duration_ms": 16.97, "status_code": 404, "error_type": null, "message": "HTTP GET /favicon.ico completed with status 404"}
{"timestamp": "2026-06-10T15:53:37.626958+00:00", "level": "INFO", "event": "request_completed", "request_id": "47a4b8d5-9eab-4d63-b20b-ad591c53425a", "user_id": "5", "endpoint": "/api/auth/me", "method": "GET", "duration_ms": 24.14, "status_code": 200, "error_type": null, "message": "HTTP GET /api/auth/me completed with status 200"}
{"timestamp": "2026-06-10T15:53:37.631283+00:00", "level": "INFO", "event": "request_completed", "request_id": "6a1f5533-a99b-4ac8-9aaa-d43ef24f1ca9", "user_id": "5", "endpoint": "/api/system/health", "method": "GET", "duration_ms": 10.36, "status_code": 200, "error_type": null, "message": "HTTP GET /api/system/health completed with status 200"}
{"timestamp": "2026-06-10T15:53:37.634660+00:00", "level": "INFO", "event": "request_completed", "request_id": "c190b3f1-801d-465e-b39c-546541d0a7cf", "user_id": "5", "endpoint": "/api/portfolios", "method": "GET", "duration_ms": 30.31, "status_code": 200, "error_type": null, "message": "HTTP GET /api/portfolios completed with status 200"}
{"timestamp": "2026-06-10T15:53:38.604089+00:00", "level": "INFO", "event": "request_completed", "request_id": "d9a63beb-b76a-40cb-878b-50adb644b49c", "user_id": "5", "endpoint": "/api/portfolios/13/holdings", "method": "GET", "duration_ms": 999.95, "status_code": 200, "error_type": null, "message": "HTTP GET /api/portfolios/13/holdings completed with status 200"}
{"timestamp": "2026-06-10T15:53:38.616735+00:00", "level": "INFO", "event": "request_completed", "request_id": "3e2e4520-3051-4090-9f4c-aa800fa33141", "user_id": "5", "endpoint": "/api/portfolios/13/transactions", "method": "GET", "duration_ms": 9.47, "status_code": 200, "error_type": null, "message": "HTTP GET /api/portfolios/13/transactions completed with status 200"}
{"timestamp": "2026-06-10T15:53:39.679194+00:00", "level": "WARNING", "event": "slow_request_detected", "request_id": "c0d285de-5523-43f1-9c0b-c182ea06d2fd", "user_id": "5", "endpoint": "/api/portfolios/13/holdings", "method": "GET", "duration_ms": 1072.24, "status_code": 200, "message": "Request took 1072.24ms which is slow (>1000ms)"}
{"timestamp": "2026-06-10T15:53:39.680196+00:00", "level": "INFO", "event": "request_completed", "request_id": "c0d285de-5523-43f1-9c0b-c182ea06d2fd", "user_id": "5", "endpoint": "/api/portfolios/13/holdings", "method": "GET", "duration_ms": 1072.24, "status_code": 200, "error_type": null, "message": "HTTP GET /api/portfolios/13/holdings completed with status 200"}
{"timestamp": "2026-06-10T15:53:39.689092+00:00", "level": "INFO", "event": "request_completed", "request_id": "e0905a72-816c-4eef-8c8a-894e807fb142", "user_id": "5", "endpoint": "/api/portfolios/13/transactions", "method": "GET", "duration_ms": 5.14, "status_code": 200, "error_type": null, "message": "HTTP GET /api/portfolios/13/transactions completed with status 200"}
{"timestamp": "2026-06-10T15:53:40.033600+00:00", "level": "INFO", "event": "request_completed", "request_id": "aa61b3af-6c36-43eb-969e-527134eb02f3", "user_id": "5", "endpoint": "/api/portfolios", "method": "GET", "duration_ms": 4.76, "status_code": 200, "error_type": null, "message": "HTTP GET /api/portfolios completed with status 200"}
{"timestamp": "2026-06-10T15:53:41.004608+00:00", "level": "INFO", "event": "request_completed", "request_id": "768eabec-69de-42db-bb29-ad7f36a22823", "user_id": "5", "endpoint": "/api/portfolios/13/holdings", "method": "GET", "duration_ms": 964.81, "status_code": 200, "error_type": null, "message": "HTTP GET /api/portfolios/13/holdings completed with status 200"}
{"timestamp": "2026-06-10T15:53:41.015486+00:00", "level": "INFO", "event": "request_completed", "request_id": "39fe8000-bbb9-409a-a087-8c176919e9d7", "user_id": "5", "endpoint": "/api/portfolios/13/transactions", "method": "GET", "duration_ms": 7.17, "status_code": 200, "error_type": null, "message": "HTTP GET /api/portfolios/13/transactions completed with status 200"}
{"timestamp": "2026-06-10T15:53:45.576195+00:00", "level": "INFO", "event": "request_completed", "request_id": "40f7673a-39a9-4f50-96ae-981ac41db837", "user_id": "5", "endpoint": "/api/portfolios", "method": "GET", "duration_ms": 3.81, "status_code": 200, "error_type": null, "message": "HTTP GET /api/portfolios completed with status 200"}
{"timestamp": "2026-06-10T15:53:46.621868+00:00", "level": "WARNING", "event": "slow_request_detected", "request_id": "7cb04d26-3f04-4988-97e6-ffedd8f3a527", "user_id": "5", "endpoint": "/api/portfolios/13/holdings", "method": "GET", "duration_ms": 1035.14, "status_code": 200, "message": "Request took 1035.14ms which is slow (>1000ms)"}
{"timestamp": "2026-06-10T15:53:46.623880+00:00", "level": "INFO", "event": "request_completed", "request_id": "7cb04d26-3f04-4988-97e6-ffedd8f3a527", "user_id": "5", "endpoint": "/api/portfolios/13/holdings", "method": "GET", "duration_ms": 1035.14, "status_code": 200, "error_type": null, "message": "HTTP GET /api/portfolios/13/holdings completed with status 200"}
{"timestamp": "2026-06-10T15:53:46.631415+00:00", "level": "INFO", "event": "request_completed", "request_id": "938e83d7-e2ad-45eb-8c27-b7c9ba9c9c0c", "user_id": "5", "endpoint": "/api/portfolios/13/transactions", "method": "GET", "duration_ms": 4.92, "status_code": 200, "error_type": null, "message": "HTTP GET /api/portfolios/13/transactions completed with status 200"}
{"timestamp": "2026-06-10T15:53:53.135581+00:00", "level": "INFO", "event": "request_completed", "request_id": "c5aa4128-b34a-4799-ba4d-ba3043df937f", "endpoint": "/", "method": "GET", "duration_ms": 1.39, "status_code": 200, "error_type": null, "message": "HTTP GET / completed with status 200"}
{"timestamp": "2026-06-10T15:53:53.261259+00:00", "level": "INFO", "event": "request_completed", "request_id": "3dd5238d-04c3-41fc-9fd6-1d095871846f", "endpoint": "/js/views/Portfolio.js", "method": "GET", "duration_ms": 1.48, "status_code": 304, "error_type": null, "message": "HTTP GET /js/views/Portfolio.js completed with status 304"}
{"timestamp": "2026-06-10T15:53:53.277262+00:00", "level": "INFO", "event": "request_completed", "request_id": "139aa4bb-9325-48bc-895d-dcb55f4e2068", "user_id": "5", "endpoint": "/api/auth/me", "method": "GET", "duration_ms": 8.09, "status_code": 200, "error_type": null, "message": "HTTP GET /api/auth/me completed with status 200"}
{"timestamp": "2026-06-10T15:53:53.280791+00:00", "level": "INFO", "event": "request_completed", "request_id": "45d0fb82-0a04-48a3-95af-b0107826b872", "user_id": "5", "endpoint": "/api/portfolios", "method": "GET", "duration_ms": 10.35, "status_code": 200, "error_type": null, "message": "HTTP GET /api/portfolios completed with status 200"}
{"timestamp": "2026-06-10T15:53:53.286349+00:00", "level": "INFO", "event": "request_completed", "request_id": "f6ab2010-810c-44ba-91bb-94bdff96c54b", "user_id": "5", "endpoint": "/api/auth/me", "method": "GET", "duration_ms": 6.35, "status_code": 200, "error_type": null, "message": "HTTP GET /api/auth/me completed with status 200"}
{"timestamp": "2026-06-10T15:53:53.322266+00:00", "level": "INFO", "event": "request_completed", "request_id": "ba3f333e-e7d3-4c06-af87-e9708781a04e", "user_id": "5", "endpoint": "/api/system/health", "method": "GET", "duration_ms": 10.62, "status_code": 200, "error_type": null, "message": "HTTP GET /api/system/health completed with status 200"}
{"timestamp": "2026-06-10T15:53:53.333330+00:00", "level": "INFO", "event": "request_completed", "request_id": "cdceac54-2e1b-42dc-944f-a3ab1c864512", "user_id": "5", "endpoint": "/api/auth/me", "method": "GET", "duration_ms": 19.72, "status_code": 200, "error_type": null, "message": "HTTP GET /api/auth/me completed with status 200"}
{"timestamp": "2026-06-10T15:53:53.337341+00:00", "level": "INFO", "event": "request_completed", "request_id": "28913223-c2d6-46df-a97b-c2135a40db3a", "user_id": "5", "endpoint": "/api/system/health", "method": "GET", "duration_ms": 9.36, "status_code": 200, "error_type": null, "message": "HTTP GET /api/system/health completed with status 200"}
{"timestamp": "2026-06-10T15:53:53.340351+00:00", "level": "INFO", "event": "request_completed", "request_id": "b9d3fa43-2dd8-4215-bbbd-747096b68917", "user_id": "5", "endpoint": "/api/portfolios", "method": "GET", "duration_ms": 23.52, "status_code": 200, "error_type": null, "message": "HTTP GET /api/portfolios completed with status 200"}
{"timestamp": "2026-06-10T15:53:54.261826+00:00", "level": "INFO", "event": "request_completed", "request_id": "e3498b09-e765-432f-8885-bdad7702fa37", "user_id": "5", "endpoint": "/api/portfolios/13/holdings", "method": "GET", "duration_ms": 944.35, "status_code": 200, "error_type": null, "message": "HTTP GET /api/portfolios/13/holdings completed with status 200"}
{"timestamp": "2026-06-10T15:53:54.284491+00:00", "level": "INFO", "event": "request_completed", "request_id": "4dd02efe-4c68-4c24-8400-598d88648ac0", "user_id": "5", "endpoint": "/api/portfolios/13/transactions", "method": "GET", "duration_ms": 19.02, "status_code": 200, "error_type": null, "message": "HTTP GET /api/portfolios/13/transactions completed with status 200"}
{"timestamp": "2026-06-10T15:53:55.249375+00:00", "level": "INFO", "event": "request_completed", "request_id": "31d24b80-2beb-4e08-96f7-771291997079", "user_id": "5", "endpoint": "/api/portfolios/13/holdings", "method": "GET", "duration_ms": 984.49, "status_code": 200, "error_type": null, "message": "HTTP GET /api/portfolios/13/holdings completed with status 200"}
{"timestamp": "2026-06-10T15:53:55.268361+00:00", "level": "INFO", "event": "request_completed", "request_id": "deb4c122-2a11-4d05-9b1a-a70a4e13853c", "user_id": "5", "endpoint": "/api/portfolios/13/transactions", "method": "GET", "duration_ms": 14.74, "status_code": 200, "error_type": null, "message": "HTTP GET /api/portfolios/13/transactions completed with status 200"}
{"timestamp": "2026-06-10T15:53:55.845585+00:00", "level": "INFO", "event": "request_completed", "request_id": "398b3af9-50ee-4d95-9f0e-645745e79b8e", "user_id": "5", "endpoint": "/api/portfolios", "method": "GET", "duration_ms": 8.21, "status_code": 200, "error_type": null, "message": "HTTP GET /api/portfolios completed with status 200"}
{"timestamp": "2026-06-10T15:53:56.810495+00:00", "level": "INFO", "event": "request_completed", "request_id": "39a03bb7-807a-49ca-9b22-609920dfed28", "user_id": "5", "endpoint": "/api/portfolios/13/holdings", "method": "GET", "duration_ms": 949.76, "status_code": 200, "error_type": null, "message": "HTTP GET /api/portfolios/13/holdings completed with status 200"}
{"timestamp": "2026-06-10T15:53:56.828128+00:00", "level": "INFO", "event": "request_completed", "request_id": "740e03b7-1dd2-4bdf-8232-4c1aa5a2bcbd", "user_id": "5", "endpoint": "/api/portfolios/13/transactions", "method": "GET", "duration_ms": 13.63, "status_code": 200, "error_type": null, "message": "HTTP GET /api/portfolios/13/transactions completed with status 200"}
{"timestamp": "2026-06-10T15:54:07.057023+00:00", "level": "INFO", "event": "request_completed", "request_id": "46d7ce8b-a2ed-4917-a943-102e5f2f5260", "user_id": "5", "endpoint": "/api/portfolios", "method": "GET", "duration_ms": 10.77, "status_code": 200, "error_type": null, "message": "HTTP GET /api/portfolios completed with status 200"}
{"timestamp": "2026-06-10T15:54:08.370231+00:00", "level": "WARNING", "event": "slow_request_detected", "request_id": "92ab1cf8-4582-4e76-ad2f-5fb620f1a99e", "user_id": "5", "endpoint": "/api/portfolios/13/holdings", "method": "GET", "duration_ms": 1291.14, "status_code": 200, "message": "Request took 1291.14ms which is slow (>1000ms)"}
{"timestamp": "2026-06-10T15:54:08.371235+00:00", "level": "INFO", "event": "request_completed", "request_id": "92ab1cf8-4582-4e76-ad2f-5fb620f1a99e", "user_id": "5", "endpoint": "/api/portfolios/13/holdings", "method": "GET", "duration_ms": 1291.14, "status_code": 200, "error_type": null, "message": "HTTP GET /api/portfolios/13/holdings completed with status 200"}
{"timestamp": "2026-06-10T15:54:08.390594+00:00", "level": "INFO", "event": "request_completed", "request_id": "2b90ab1e-becc-4d03-8bc7-9244e0f4dfde", "user_id": "5", "endpoint": "/api/portfolios/13/transactions", "method": "GET", "duration_ms": 13.34, "status_code": 200, "error_type": null, "message": "HTTP GET /api/portfolios/13/transactions completed with status 200"}
{"timestamp": "2026-06-10T15:54:10.021880+00:00", "level": "INFO", "event": "request_completed", "request_id": "6be5cb7e-b866-4dd8-a436-59339cc24f75", "endpoint": "/.well-known/appspecific/com.chrome.devtools.json", "method": "GET", "duration_ms": 4.29, "status_code": 404, "error_type": null, "message": "HTTP GET /.well-known/appspecific/com.chrome.devtools.json completed with status 404"}
{"timestamp": "2026-06-10T15:54:14.294600+00:00", "level": "INFO", "event": "request_completed", "request_id": "a4aca80f-2e21-4f8e-964a-46a7a58c58af", "user_id": "5", "endpoint": "/api/portfolios", "method": "GET", "duration_ms": 14.59, "status_code": 200, "error_type": null, "message": "HTTP GET /api/portfolios completed with status 200"}
{"timestamp": "2026-06-10T15:54:15.234287+00:00", "level": "INFO", "event": "request_completed", "request_id": "5109aeb4-755a-45db-87fe-a096c57c3d34", "user_id": "5", "endpoint": "/api/portfolios/13/holdings", "method": "GET", "duration_ms": 932.53, "status_code": 200, "error_type": null, "message": "HTTP GET /api/portfolios/13/holdings completed with status 200"}
{"timestamp": "2026-06-10T15:54:15.256174+00:00", "level": "INFO", "event": "request_completed", "request_id": "25a06c07-6036-417a-be13-481f7de85019", "user_id": "5", "endpoint": "/api/portfolios/13/transactions", "method": "GET", "duration_ms": 16.03, "status_code": 200, "error_type": null, "message": "HTTP GET /api/portfolios/13/transactions completed with status 200"}
{"timestamp": "2026-06-10T15:55:08.047635+00:00", "level": "WARNING", "event": "slow_request_detected", "request_id": "82b8f14a-e0c2-46ca-9038-d087f1f98db9", "endpoint": "/api/run-simulation", "method": "POST", "duration_ms": 4289.83, "status_code": 200, "message": "Request took 4289.83ms which is slow (>1000ms)"}
{"timestamp": "2026-06-10T15:55:08.048636+00:00", "level": "INFO", "event": "request_completed", "request_id": "82b8f14a-e0c2-46ca-9038-d087f1f98db9", "endpoint": "/api/run-simulation", "method": "POST", "duration_ms": 4289.83, "status_code": 200, "error_type": null, "message": "HTTP POST /api/run-simulation completed with status 200"}
{"timestamp": "2026-06-10T15:55:08.166749+00:00", "level": "INFO", "event": "request_completed", "request_id": "220373a4-6bf8-4fa8-940b-ac7d555ce358", "endpoint": "/api/evaluate-portfolio", "method": "POST", "duration_ms": 107.73, "status_code": 200, "error_type": null, "message": "HTTP POST /api/evaluate-portfolio completed with status 200"}
{"timestamp": "2026-06-10T15:55:08.180857+00:00", "level": "INFO", "event": "request_completed", "request_id": "89b74827-83e6-4787-96b6-3aac51b19686", "endpoint": "/api/ai-advice", "method": "POST", "duration_ms": 7.15, "status_code": 200, "error_type": null, "message": "HTTP POST /api/ai-advice completed with status 200"}
{"timestamp": "2026-06-10T15:55:08.196050+00:00", "level": "INFO", "event": "analysis_started", "request_id": "01369c28-e1d", "tickers": ["TCB", "VNM"], "start_date": "2026-01-01", "end_date": "2026-01-10"}
{"timestamp": "2026-06-10T15:55:08.206165+00:00", "level": "INFO", "event": "analysis_completed", "request_id": "01369c28-e1d", "duration_ms": 0.04, "ticker_count": 2, "is_degraded": false, "benchmark_source": "VN30"}
{"timestamp": "2026-06-10T15:55:08.206165+00:00", "level": "INFO", "event": "request_completed", "request_id": "ae48fc8f-d8dc-4e6c-8f15-05fd5fdf0f3d", "endpoint": "/api/quant/analyze", "method": "POST", "duration_ms": 16.86, "status_code": 200, "error_type": null, "message": "HTTP POST /api/quant/analyze completed with status 200"}
{"timestamp": "2026-06-10T15:55:08.216122+00:00", "level": "INFO", "event": "request_completed", "request_id": "4f7db06b-3b1f-436e-aa94-a2c228321955", "endpoint": "/api/quant/analyze", "method": "POST", "duration_ms": 1.63, "status_code": 400, "error_type": null, "message": "HTTP POST /api/quant/analyze completed with status 400"}
{"timestamp": "2026-06-10T15:55:08.223386+00:00", "level": "INFO", "event": "request_completed", "request_id": "35f9189f-0e34-4dfd-8150-906788a12beb", "endpoint": "/api/quant/analyze", "method": "POST", "duration_ms": 1.88, "status_code": 400, "error_type": null, "message": "HTTP POST /api/quant/analyze completed with status 400"}
{"timestamp": "2026-06-10T15:55:08.230277+00:00", "level": "INFO", "event": "analysis_started", "request_id": "cce4d7a8-c2c", "tickers": ["TCB"], "start_date": "2026-01-10", "end_date": "2026-01-01"}
{"timestamp": "2026-06-10T15:55:08.249451+00:00", "level": "INFO", "event": "request_completed", "request_id": "8e635c41-64cb-4b10-8021-f95cfd509881", "endpoint": "/api/quant/analyze", "method": "POST", "duration_ms": 20.54, "status_code": 400, "error_type": null, "message": "HTTP POST /api/quant/analyze completed with status 400"}
{"timestamp": "2026-06-10T15:55:08.257920+00:00", "level": "INFO", "event": "analysis_started", "request_id": "144b037f-6a2", "tickers": ["TCB"], "start_date": "2026-01-01", "end_date": "2026-01-10"}
{"timestamp": "2026-06-10T15:55:08.258951+00:00", "level": "INFO", "event": "request_completed", "request_id": "a2b56268-514b-4e62-b441-4f48ef3b4994", "endpoint": "/api/quant/analyze", "method": "POST", "duration_ms": 2.66, "status_code": 400, "error_type": null, "message": "HTTP POST /api/quant/analyze completed with status 400"}
{"timestamp": "2026-06-10T15:55:08.284358+00:00", "level": "INFO", "event": "request_completed", "request_id": "1d1219f5-1452-42d0-842c-854b4d2c0920", "endpoint": "/api/health", "method": "GET", "duration_ms": 2.34, "status_code": 200, "error_type": null, "message": "HTTP GET /api/health completed with status 200"}
{"timestamp": "2026-06-10T15:55:08.298988+00:00", "level": "INFO", "event": "request_completed", "request_id": "8f131386-9400-4f80-b5e2-cd21d7cd89d8", "endpoint": "/api/health/quant", "method": "GET", "duration_ms": 7.25, "status_code": 200, "error_type": null, "message": "HTTP GET /api/health/quant completed with status 200"}
{"timestamp": "2026-06-10T15:55:08.321613+00:00", "level": "INFO", "event": "analysis_started", "request_id": "test-id", "tickers": ["FPT"], "start_date": "2026-01-01", "end_date": "2026-12-31"}
{"timestamp": "2026-06-10T15:55:08.322130+00:00", "level": "INFO", "event": "analysis_completed", "request_id": "test-id", "duration_ms": 100.0, "ticker_count": 1, "is_degraded": false, "benchmark_source": "VN30"}
{"timestamp": "2026-06-10T15:55:08.322652+00:00", "level": "WARNING", "event": "retry_triggered", "request_id": "test-id", "attempt": 1, "max_retries": 2, "url": "test", "error": "timeout"}
{"timestamp": "2026-06-10T15:55:08.323169+00:00", "level": "WARNING", "event": "benchmark_fallback", "request_id": "test-id", "failed_source": "VN30", "fallback_source": "VNINDEX"}
{"timestamp": "2026-06-10T15:55:08.323169+00:00", "level": "ERROR", "event": "exception_raised", "request_id": "test-id", "error_code": "TEST_ERROR", "message": "test message", "details": null}
{"timestamp": "2026-06-10T15:55:08.329369+00:00", "level": "WARNING", "event": "retry_triggered", "request_id": "test", "attempt": 1, "max_retries": 2, "url": "stock/FPT", "error": "Network error"}
{"timestamp": "2026-06-10T15:55:09.330224+00:00", "level": "WARNING", "event": "retry_triggered", "request_id": "test", "attempt": 2, "max_retries": 2, "url": "stock/FPT", "error": "Network error"}
{"timestamp": "2026-06-10T15:55:11.332019+00:00", "level": "ERROR", "event": "exception_raised", "request_id": "test", "error_code": "DATA_FETCH_ERROR", "message": "Failed to fetch FPT after 3 attempts", "details": {"ticker": "FPT", "last_error": "Network error"}}
{"timestamp": "2026-06-10T15:55:11.336764+00:00", "level": "WARNING", "event": "benchmark_fallback", "request_id": "test", "failed_source": "VN30", "fallback_source": "VNINDEX"}
{"timestamp": "2026-06-10T15:55:11.337820+00:00", "level": "WARNING", "event": "benchmark_fallback", "request_id": "test", "failed_source": "VNINDEX", "fallback_source": "NONE"}
{"timestamp": "2026-06-10T15:55:11.349162+00:00", "level": "INFO", "event": "request_completed", "request_id": "229d02ed-bd2d-4b7f-8725-60e647ddf1d9", "endpoint": "/api/auth/login", "method": "POST", "duration_ms": 7.12, "status_code": 422, "error_type": null, "message": "HTTP POST /api/auth/login completed with status 422"}
{"timestamp": "2026-06-10T15:55:11.357062+00:00", "level": "INFO", "event": "request_completed", "request_id": "71ad1514-d82c-4227-9fcb-286ceda586fd", "endpoint": "/api/quant/analyze", "method": "POST", "duration_ms": 1.56, "status_code": 400, "error_type": null, "message": "HTTP POST /api/quant/analyze completed with status 400"}
{"timestamp": "2026-06-10T15:55:11.363238+00:00", "level": "INFO", "event": "request_completed", "request_id": "accc9e2f-e1db-498d-83c2-161a2b39134c", "endpoint": "/api/health", "method": "GET", "duration_ms": 1.13, "status_code": 200, "error_type": null, "message": "HTTP GET /api/health completed with status 200"}
{"timestamp": "2026-06-10T15:55:11.371310+00:00", "level": "INFO", "event": "analysis_started", "request_id": "7fcd39cb-439", "tickers": ["TCB", "VNM"], "start_date": "2026-01-01", "end_date": "2026-01-10"}
{"timestamp": "2026-06-10T15:55:11.374390+00:00", "level": "INFO", "event": "analysis_completed", "request_id": "7fcd39cb-439", "duration_ms": 0.04, "ticker_count": 2, "is_degraded": false, "benchmark_source": "VN30"}
{"timestamp": "2026-06-10T15:55:11.375439+00:00", "level": "INFO", "event": "request_completed", "request_id": "3a2b9c29-283f-43fc-84bc-18cbfa6797cd", "endpoint": "/api/quant/analyze", "method": "POST", "duration_ms": 5.61, "status_code": 200, "error_type": null, "message": "HTTP POST /api/quant/analyze completed with status 200"}
{"timestamp": "2026-06-10T15:55:11.384078+00:00", "level": "INFO", "event": "analysis_started", "request_id": "b446f413-05b", "tickers": ["FPT"], "start_date": "2026-01-01", "end_date": "2026-01-10"}
{"timestamp": "2026-06-10T15:55:11.386655+00:00", "level": "INFO", "event": "analysis_completed", "request_id": "b446f413-05b", "duration_ms": 0.03, "ticker_count": 1, "is_degraded": true, "benchmark_source": "NONE"}
{"timestamp": "2026-06-10T15:55:11.387682+00:00", "level": "INFO", "event": "request_completed", "request_id": "50822465-32f6-4b52-9af1-8ba6ba0d9446", "endpoint": "/api/quant/analyze", "method": "POST", "duration_ms": 5.84, "status_code": 200, "error_type": null, "message": "HTTP POST /api/quant/analyze completed with status 200"}
{"timestamp": "2026-06-10T15:55:11.393818+00:00", "level": "INFO", "event": "request_completed", "request_id": "2ccbe80f-60a9-4362-99c8-ec8123110fc6", "endpoint": "/api/quant/analyze", "method": "POST", "duration_ms": 1.41, "status_code": 400, "error_type": null, "message": "HTTP POST /api/quant/analyze completed with status 400"}
{"timestamp": "2026-06-10T15:55:11.401019+00:00", "level": "INFO", "event": "analysis_started", "request_id": "d9dcef52-791", "tickers": ["FPT"], "start_date": "2026-01-10", "end_date": "2026-01-01"}
{"timestamp": "2026-06-10T15:55:11.417451+00:00", "level": "INFO", "event": "request_completed", "request_id": "0816de6c-7083-46e6-8957-d80309d7c37e", "endpoint": "/api/quant/analyze", "method": "POST", "duration_ms": 17.49, "status_code": 400, "error_type": null, "message": "HTTP POST /api/quant/analyze completed with status 400"}
{"timestamp": "2026-06-10T15:55:11.423678+00:00", "level": "INFO", "event": "request_completed", "request_id": "105c93c5-4c9e-4a78-8ecd-f935e16ba858", "endpoint": "/api/quant/analyze", "method": "POST", "duration_ms": 1.37, "status_code": 400, "error_type": null, "message": "HTTP POST /api/quant/analyze completed with status 400"}
{"timestamp": "2026-06-10T15:55:11.440740+00:00", "level": "INFO", "event": "request_completed", "request_id": "1f4d34c8-c96b-4310-a7fa-7977251fa5ac", "endpoint": "/api/quant/backtest", "method": "POST", "duration_ms": 10.49, "status_code": 200, "error_type": null, "message": "HTTP POST /api/quant/backtest completed with status 200"}
{"timestamp": "2026-06-10T15:55:11.449856+00:00", "level": "INFO", "event": "request_completed", "request_id": "990c0a34-a29a-405c-aeda-0994f87100b4", "endpoint": "/api/quant/backtest", "method": "POST", "duration_ms": 1.82, "status_code": 400, "error_type": null, "message": "HTTP POST /api/quant/backtest completed with status 400"}
{"timestamp": "2026-06-10T15:55:11.455503+00:00", "level": "INFO", "event": "request_completed", "request_id": "3fc950e9-5b68-4b2b-beac-dfc5230851a3", "endpoint": "/api/quant/backtest", "method": "POST", "duration_ms": 1.1, "status_code": 400, "error_type": null, "message": "HTTP POST /api/quant/backtest completed with status 400"}
{"timestamp": "2026-06-10T15:55:11.462659+00:00", "level": "INFO", "event": "request_completed", "request_id": "76a87b23-b6f0-4983-b388-f4840d643ccd", "endpoint": "/api/quant/backtest", "method": "POST", "duration_ms": 2.19, "status_code": 400, "error_type": null, "message": "HTTP POST /api/quant/backtest completed with status 400"}
{"timestamp": "2026-06-10T15:55:11.469723+00:00", "level": "INFO", "event": "request_completed", "request_id": "41fbbe94-62f8-4025-a92a-d18e5bdb1e1f", "endpoint": "/api/quant/backtest", "method": "POST", "duration_ms": 2.23, "status_code": 400, "error_type": null, "message": "HTTP POST /api/quant/backtest completed with status 400"}
{"timestamp": "2026-06-10T15:55:11.478571+00:00", "level": "INFO", "event": "request_completed", "request_id": "4639098f-e067-4d2b-8649-7db3f316d1d4", "endpoint": "/api/quant/backtest", "method": "POST", "duration_ms": 1.58, "status_code": 400, "error_type": null, "message": "HTTP POST /api/quant/backtest completed with status 400"}
{"timestamp": "2026-06-10T15:55:11.483718+00:00", "level": "INFO", "event": "request_completed", "request_id": "9bfecb4b-3629-428c-b91c-ba7970e798c3", "endpoint": "/api/quant/backtest", "method": "POST", "duration_ms": 1.45, "status_code": 400, "error_type": null, "message": "HTTP POST /api/quant/backtest completed with status 400"}
{"timestamp": "2026-06-10T15:55:11.492910+00:00", "level": "INFO", "event": "request_completed", "request_id": "78137cd8-6f94-4ded-b4c6-e8cd99c7132e", "endpoint": "/api/quant/backtest", "method": "POST", "duration_ms": 2.67, "status_code": 400, "error_type": null, "message": "HTTP POST /api/quant/backtest completed with status 400"}
{"timestamp": "2026-06-10T15:55:11.499612+00:00", "level": "INFO", "event": "request_completed", "request_id": "dc155bc7-476f-444a-bf4f-2f9e4eee1d52", "endpoint": "/api/quant/backtest", "method": "POST", "duration_ms": 1.56, "status_code": 400, "error_type": null, "message": "HTTP POST /api/quant/backtest completed with status 400"}
{"timestamp": "2026-06-10T15:55:11.510634+00:00", "level": "INFO", "event": "request_completed", "request_id": "3f0657a9-3c7e-4d88-b5f2-b79dffec13a9", "endpoint": "/api/quant/backtest", "method": "POST", "duration_ms": 4.84, "status_code": 200, "error_type": null, "message": "HTTP POST /api/quant/backtest completed with status 200"}
{"timestamp": "2026-06-10T15:55:11.519879+00:00", "level": "INFO", "event": "request_completed", "request_id": "52746ffb-db46-4095-b486-154b8fb26bb6", "endpoint": "/api/quant/optimize", "method": "POST", "duration_ms": 3.63, "status_code": 400, "error_type": null, "message": "HTTP POST /api/quant/optimize completed with status 400"}
{"timestamp": "2026-06-10T15:55:11.527410+00:00", "level": "INFO", "event": "request_completed", "request_id": "f2550a8e-9ff9-4eed-a4df-c2931746c57e", "endpoint": "/api/quant/optimize", "method": "POST", "duration_ms": 1.35, "status_code": 400, "error_type": null, "message": "HTTP POST /api/quant/optimize completed with status 400"}
{"timestamp": "2026-06-10T15:55:11.534095+00:00", "level": "INFO", "event": "request_completed", "request_id": "06b4d89c-ad28-43ac-892a-eb11ddd6ada7", "endpoint": "/api/quant/optimize", "method": "POST", "duration_ms": 2.17, "status_code": 400, "error_type": null, "message": "HTTP POST /api/quant/optimize completed with status 400"}
{"timestamp": "2026-06-10T15:55:11.564394+00:00", "level": "ERROR", "event": "exception_raised", "request_id": "c645d2fd-bba", "error_code": "VALIDATION_ERROR", "message": "Constraints are infeasible: min_weight (0.4) * number of symbols (3) > 1.0", "details": null}
{"timestamp": "2026-06-10T15:55:11.564394+00:00", "level": "INFO", "event": "request_completed", "request_id": "81538b76-3474-4456-850e-24a58a1cb620", "endpoint": "/api/quant/optimize", "method": "POST", "duration_ms": 24.66, "status_code": 400, "error_type": null, "message": "HTTP POST /api/quant/optimize completed with status 400"}
{"timestamp": "2026-06-10T15:55:11.573625+00:00", "level": "INFO", "event": "request_completed", "request_id": "b8d59f32-5749-4693-8db6-e4b84d6b1b1e", "endpoint": "/api/quant/optimize", "method": "POST", "duration_ms": 2.39, "status_code": 400, "error_type": null, "message": "HTTP POST /api/quant/optimize completed with status 400"}
{"timestamp": "2026-06-10T15:55:11.579317+00:00", "level": "INFO", "event": "request_completed", "request_id": "11dd2b0f-4d53-483f-b404-a93af5fe2a77", "endpoint": "/api/quant/optimize", "method": "POST", "duration_ms": 1.13, "status_code": 400, "error_type": null, "message": "HTTP POST /api/quant/optimize completed with status 400"}
{"timestamp": "2026-06-10T15:55:11.644024+00:00", "level": "INFO", "event": "request_completed", "request_id": "a9f7dd54-54ee-40de-b0f9-b4fe3714d0aa", "endpoint": "/api/quant/optimize", "method": "POST", "duration_ms": 58.85, "status_code": 200, "error_type": null, "message": "HTTP POST /api/quant/optimize completed with status 200"}
{"timestamp": "2026-06-10T15:55:11.706340+00:00", "level": "INFO", "event": "request_completed", "request_id": "94d52ffb-2e38-4029-9889-6f1754e802a4", "endpoint": "/api/quant/optimize", "method": "POST", "duration_ms": 55.41, "status_code": 200, "error_type": null, "message": "HTTP POST /api/quant/optimize completed with status 200"}
{"timestamp": "2026-06-10T15:55:11.769148+00:00", "level": "INFO", "event": "request_completed", "request_id": "e0c847e7-1c93-471d-a788-f75fadc3ddf4", "endpoint": "/api/quant/optimize", "method": "POST", "duration_ms": 54.11, "status_code": 200, "error_type": null, "message": "HTTP POST /api/quant/optimize completed with status 200"}
{"timestamp": "2026-06-10T15:55:11.830769+00:00", "level": "INFO", "event": "request_completed", "request_id": "3dd4d89c-d182-4abc-8a60-91371b3f2868", "endpoint": "/api/quant/optimize", "method": "POST", "duration_ms": 54.09, "status_code": 200, "error_type": null, "message": "HTTP POST /api/quant/optimize completed with status 200"}
{"timestamp": "2026-06-10T15:55:11.919922+00:00", "level": "INFO", "event": "request_completed", "request_id": "e4930cfd-3205-42a9-bc78-fe21c85879bd", "endpoint": "/api/quant/optimize", "method": "POST", "duration_ms": 82.56, "status_code": 200, "error_type": null, "message": "HTTP POST /api/quant/optimize completed with status 200"}
{"timestamp": "2026-06-10T15:55:11.986695+00:00", "level": "INFO", "event": "request_completed", "request_id": "6c809789-0948-4d77-b2ad-ed2c4e7ab75f", "endpoint": "/api/quant/optimize-and-backtest", "method": "POST", "duration_ms": 58.54, "status_code": 200, "error_type": null, "message": "HTTP POST /api/quant/optimize-and-backtest completed with status 200"}
{"timestamp": "2026-06-10T15:55:11.998209+00:00", "level": "INFO", "event": "request_completed", "request_id": "1daa0abb-e104-4db9-8709-d829bc45eff3", "endpoint": "/api/ai/research", "method": "POST", "duration_ms": 3.06, "status_code": 200, "error_type": null, "message": "HTTP POST /api/ai/research completed with status 200"}
{"timestamp": "2026-06-10T15:55:12.002812+00:00", "level": "INFO", "event": "request_completed", "request_id": "3693c223-42ba-4ae6-bded-bb1aeee4a371", "endpoint": "/api/ai/research", "method": "POST", "duration_ms": 2.21, "status_code": 200, "error_type": null, "message": "HTTP POST /api/ai/research completed with status 200"}
{"timestamp": "2026-06-10T15:55:21.140323+00:00", "level": "CRITICAL", "event": "slow_request_detected", "request_id": "32bb7804-03c7-417e-b79f-c38e13941170", "endpoint": "/api/ai/research", "method": "POST", "duration_ms": 9130.42, "status_code": 200, "message": "Request took 9130.42ms which is critical (>5000ms)"}
{"timestamp": "2026-06-10T15:55:21.141326+00:00", "level": "INFO", "event": "request_completed", "request_id": "32bb7804-03c7-417e-b79f-c38e13941170", "endpoint": "/api/ai/research", "method": "POST", "duration_ms": 9130.42, "status_code": 200, "error_type": null, "message": "HTTP POST /api/ai/research completed with status 200"}
{"timestamp": "2026-06-10T15:55:21.150842+00:00", "level": "INFO", "event": "request_completed", "request_id": "1adc83c3-0f7f-4889-b2e4-b295568e510a", "endpoint": "/api/ai/research", "method": "POST", "duration_ms": 2.42, "status_code": 400, "error_type": null, "message": "HTTP POST /api/ai/research completed with status 400"}
{"timestamp": "2026-06-10T15:55:21.206450+00:00", "level": "INFO", "event": "request_completed", "request_id": "61e74560-3eb5-423c-b22b-da41c77c100f", "endpoint": "/api/ai/research/export-docx", "method": "POST", "duration_ms": 50.33, "status_code": 200, "error_type": null, "message": "HTTP POST /api/ai/research/export-docx completed with status 200"}
{"timestamp": "2026-06-10T15:55:21.248242+00:00", "level": "INFO", "event": "request_completed", "request_id": "fbcf8d8e-7e17-44f9-9cf9-2bbd1f6de651", "endpoint": "/api/health", "method": "GET", "duration_ms": 1.82, "status_code": 200, "error_type": null, "message": "HTTP GET /api/health completed with status 200"}
{"timestamp": "2026-06-10T15:55:21.254490+00:00", "level": "INFO", "event": "request_completed", "request_id": "test-propagate-123", "endpoint": "/api/health", "method": "GET", "duration_ms": 1.95, "status_code": 200, "error_type": null, "message": "HTTP GET /api/health completed with status 200"}
{"timestamp": "2026-06-10T15:55:21.265634+00:00", "level": "INFO", "event": "request_completed", "request_id": "117c8906-d6e3-4589-9f22-016df51e3324", "endpoint": "/api/health/liveness", "method": "GET", "duration_ms": 1.86, "status_code": 200, "error_type": null, "message": "HTTP GET /api/health/liveness completed with status 200"}
{"timestamp": "2026-06-10T15:55:21.276165+00:00", "level": "INFO", "event": "request_completed", "request_id": "c9d8131f-a8b2-481e-8e0c-4993cb1bebba", "endpoint": "/api/health/readiness", "method": "GET", "duration_ms": 3.29, "status_code": 200, "error_type": null, "message": "HTTP GET /api/health/readiness completed with status 200"}
{"timestamp": "2026-06-10T15:55:21.290729+00:00", "level": "INFO", "event": "request_completed", "request_id": "ad30e276-958a-4dba-b103-f1c38c04ba9c", "endpoint": "/api/health/dependencies", "method": "GET", "duration_ms": 7.8, "status_code": 200, "error_type": null, "message": "HTTP GET /api/health/dependencies completed with status 200"}
{"timestamp": "2026-06-10T15:59:48.532983+00:00", "level": "INFO", "event": "request_completed", "request_id": "9ddd649b-32df-41e9-9de6-3d1b4d1996ed", "endpoint": "/", "method": "GET", "duration_ms": 2.04, "status_code": 200, "error_type": null, "message": "HTTP GET / completed with status 200"}
{"timestamp": "2026-06-10T15:59:48.593941+00:00", "level": "INFO", "event": "request_completed", "request_id": "f1826ee6-a423-47c7-b40e-a626697cd773", "endpoint": "/.well-known/appspecific/com.chrome.devtools.json", "method": "GET", "duration_ms": 4.15, "status_code": 404, "error_type": null, "message": "HTTP GET /.well-known/appspecific/com.chrome.devtools.json completed with status 404"}
{"timestamp": "2026-06-10T15:59:49.409420+00:00", "level": "INFO", "event": "request_completed", "request_id": "9d620a2c-96f4-4350-b1e7-b1a30a9e6a22", "endpoint": "/js/views/Portfolio.js", "method": "GET", "duration_ms": 1.79, "status_code": 200, "error_type": null, "message": "HTTP GET /js/views/Portfolio.js completed with status 200"}
{"timestamp": "2026-06-10T15:59:49.457962+00:00", "level": "INFO", "event": "request_completed", "request_id": "a2e2ab43-7368-4331-87ef-c8e7bcd6ffb4", "user_id": "5", "endpoint": "/api/auth/me", "method": "GET", "duration_ms": 16.86, "status_code": 200, "error_type": null, "message": "HTTP GET /api/auth/me completed with status 200"}
{"timestamp": "2026-06-10T15:59:49.465393+00:00", "level": "INFO", "event": "request_completed", "request_id": "e18b0620-5b8d-4255-b7c4-b408beef2f53", "user_id": "5", "endpoint": "/api/portfolios", "method": "GET", "duration_ms": 18.3, "status_code": 200, "error_type": null, "message": "HTTP GET /api/portfolios completed with status 200"}
{"timestamp": "2026-06-10T15:59:49.468437+00:00", "level": "INFO", "event": "request_completed", "request_id": "bddcdbb4-a5e9-45f1-ac8e-5a5612396f5e", "user_id": "5", "endpoint": "/api/auth/me", "method": "GET", "duration_ms": 6.79, "status_code": 200, "error_type": null, "message": "HTTP GET /api/auth/me completed with status 200"}
{"timestamp": "2026-06-10T15:59:49.495587+00:00", "level": "INFO", "event": "request_completed", "request_id": "4703718b-2b28-4858-8dcb-95e7a0316d26", "user_id": "5", "endpoint": "/api/system/health", "method": "GET", "duration_ms": 9.38, "status_code": 200, "error_type": null, "message": "HTTP GET /api/system/health completed with status 200"}
{"timestamp": "2026-06-10T15:59:49.506738+00:00", "level": "INFO", "event": "request_completed", "request_id": "17a05009-09e3-40a2-b604-1cb8a7277d48", "user_id": "5", "endpoint": "/api/auth/me", "method": "GET", "duration_ms": 19.02, "status_code": 200, "error_type": null, "message": "HTTP GET /api/auth/me completed with status 200"}
{"timestamp": "2026-06-10T15:59:49.509745+00:00", "level": "INFO", "event": "request_completed", "request_id": "ca652949-6d59-49ff-a597-d18c77875a8a", "user_id": "5", "endpoint": "/api/system/health", "method": "GET", "duration_ms": 8.42, "status_code": 200, "error_type": null, "message": "HTTP GET /api/system/health completed with status 200"}
{"timestamp": "2026-06-10T15:59:49.515157+00:00", "level": "INFO", "event": "request_completed", "request_id": "692dbbfc-fb38-4dc5-989d-f4b17862401f", "user_id": "5", "endpoint": "/api/portfolios", "method": "GET", "duration_ms": 21.39, "status_code": 200, "error_type": null, "message": "HTTP GET /api/portfolios completed with status 200"}
{"timestamp": "2026-06-10T15:59:50.620477+00:00", "level": "WARNING", "event": "slow_request_detected", "request_id": "0628807b-6b0c-4b99-8fc7-847d9ed4c7d0", "user_id": "5", "endpoint": "/api/portfolios/13/holdings", "method": "GET", "duration_ms": 1125.86, "status_code": 200, "message": "Request took 1125.86ms which is slow (>1000ms)"}
{"timestamp": "2026-06-10T15:59:50.622486+00:00", "level": "INFO", "event": "request_completed", "request_id": "0628807b-6b0c-4b99-8fc7-847d9ed4c7d0", "user_id": "5", "endpoint": "/api/portfolios/13/holdings", "method": "GET", "duration_ms": 1125.86, "status_code": 200, "error_type": null, "message": "HTTP GET /api/portfolios/13/holdings completed with status 200"}
{"timestamp": "2026-06-10T15:59:50.640262+00:00", "level": "INFO", "event": "request_completed", "request_id": "ba536bd6-0730-4da7-8aa4-16920b9dc65e", "user_id": "5", "endpoint": "/api/portfolios/13/transactions", "method": "GET", "duration_ms": 11.13, "status_code": 200, "error_type": null, "message": "HTTP GET /api/portfolios/13/transactions completed with status 200"}
{"timestamp": "2026-06-10T15:59:51.707414+00:00", "level": "WARNING", "event": "slow_request_detected", "request_id": "1e5ee154-8772-4189-95f5-6628bc3fe49b", "user_id": "5", "endpoint": "/api/portfolios/13/holdings", "method": "GET", "duration_ms": 1082.02, "status_code": 200, "message": "Request took 1082.02ms which is slow (>1000ms)"}
{"timestamp": "2026-06-10T15:59:51.709637+00:00", "level": "INFO", "event": "request_completed", "request_id": "1e5ee154-8772-4189-95f5-6628bc3fe49b", "user_id": "5", "endpoint": "/api/portfolios/13/holdings", "method": "GET", "duration_ms": 1082.02, "status_code": 200, "error_type": null, "message": "HTTP GET /api/portfolios/13/holdings completed with status 200"}
{"timestamp": "2026-06-10T15:59:51.733247+00:00", "level": "INFO", "event": "request_completed", "request_id": "8c1af694-3c9f-498f-a074-e90e4320f8a4", "user_id": "5", "endpoint": "/api/portfolios/13/transactions", "method": "GET", "duration_ms": 17.79, "status_code": 200, "error_type": null, "message": "HTTP GET /api/portfolios/13/transactions completed with status 200"}
{"timestamp": "2026-06-10T15:59:53.268892+00:00", "level": "INFO", "event": "request_completed", "request_id": "920f9992-02f7-462d-9908-0d10ca8cd37b", "user_id": "5", "endpoint": "/api/portfolios", "method": "GET", "duration_ms": 12.86, "status_code": 200, "error_type": null, "message": "HTTP GET /api/portfolios completed with status 200"}
{"timestamp": "2026-06-10T15:59:54.413433+00:00", "level": "WARNING", "event": "slow_request_detected", "request_id": "63489f2c-d3fe-4d1e-8d99-3ea9f89db549", "user_id": "5", "endpoint": "/api/portfolios/13/holdings", "method": "GET", "duration_ms": 1130.71, "status_code": 200, "message": "Request took 1130.71ms which is slow (>1000ms)"}
{"timestamp": "2026-06-10T15:59:54.414439+00:00", "level": "INFO", "event": "request_completed", "request_id": "63489f2c-d3fe-4d1e-8d99-3ea9f89db549", "user_id": "5", "endpoint": "/api/portfolios/13/holdings", "method": "GET", "duration_ms": 1130.71, "status_code": 200, "error_type": null, "message": "HTTP GET /api/portfolios/13/holdings completed with status 200"}
{"timestamp": "2026-06-10T15:59:54.428984+00:00", "level": "INFO", "event": "request_completed", "request_id": "4be96ed0-fc53-4138-a3e7-50f853901951", "user_id": "5", "endpoint": "/api/portfolios/13/transactions", "method": "GET", "duration_ms": 10.61, "status_code": 200, "error_type": null, "message": "HTTP GET /api/portfolios/13/transactions completed with status 200"}
{"timestamp": "2026-06-10T15:59:59.794694+00:00", "level": "INFO", "event": "request_completed", "request_id": "837c72c7-0bce-46c2-a3f7-ed02a509f119", "user_id": "5", "endpoint": "/api/portfolios", "method": "GET", "duration_ms": 12.17, "status_code": 200, "error_type": null, "message": "HTTP GET /api/portfolios completed with status 200"}
{"timestamp": "2026-06-10T16:00:01.227260+00:00", "level": "WARNING", "event": "slow_request_detected", "request_id": "7fef2747-947e-430e-bd4f-fbd158730e04", "user_id": "5", "endpoint": "/api/portfolios/13/holdings", "method": "GET", "duration_ms": 1427.53, "status_code": 200, "message": "Request took 1427.53ms which is slow (>1000ms)"}
{"timestamp": "2026-06-10T16:00:01.229267+00:00", "level": "INFO", "event": "request_completed", "request_id": "7fef2747-947e-430e-bd4f-fbd158730e04", "user_id": "5", "endpoint": "/api/portfolios/13/holdings", "method": "GET", "duration_ms": 1427.53, "status_code": 200, "error_type": null, "message": "HTTP GET /api/portfolios/13/holdings completed with status 200"}
{"timestamp": "2026-06-10T16:00:01.240448+00:00", "level": "INFO", "event": "request_completed", "request_id": "775531c1-c0bc-4ee0-b167-63c087411abb", "user_id": "5", "endpoint": "/api/portfolios/13/transactions", "method": "GET", "duration_ms": 7.47, "status_code": 200, "error_type": null, "message": "HTTP GET /api/portfolios/13/transactions completed with status 200"}
